Name,StartAddress,EndAddress,Size
FUN_800290c0,0x800290C0,0x80029113,0x54
FUN_80029114,0x80029114,0x800291FF,0xEC
FUN_80029200,0x80029200,0x80029257,0x58
FUN_80029258,0x80029258,0x800294F7,0x2A0
FUN_800294f8,0x800294F8,0x8002958F,0x98
FUN_80029590,0x80029590,0x800295BF,0x30
FUN_800295c0,0x800295C0,0x800295C7,0x8
FUN_800295c8,0x800295C8,0x800295CF,0x8
FUN_800295d0,0x800295D0,0x8002968B,0xBC
FUN_8002968c,0x8002968C,0x800296FB,0x70
FUN_800296fc,0x800296FC,0x8002972F,0x34
FUN_80029730,0x80029730,0x8002987F,0x150
FUN_80029880,0x80029880,0x800298FF,0x80
FUN_80029900,0x80029900,0x80029993,0x94
FUN_80029994,0x80029994,0x80029BCB,0x238
FUN_80029bcc,0x80029BCC,0x80029BD3,0x8
FUN_80029bd4,0x80029BD4,0x80029BDB,0x8
FUN_80029bdc,0x80029BDC,0x80029BFB,0x20
FUN_80029bfc,0x80029BFC,0x80029C3F,0x44
FUN_80029c40,0x80029C40,0x80029C77,0x38
FUN_80029c78,0x80029C78,0x80029C9F,0x28
FUN_80029ca0,0x80029CA0,0x80029CDF,0x40
FUN_80029ce0,0x80029CE0,0x80029D43,0x64
FUN_80029d44,0x80029D44,0x80029D83,0x40
FUN_80029d84,0x80029D84,0x80029DAF,0x2C
FUN_80029db0,0x80029DB0,0x80029E57,0xA8
FUN_80029e58,0x80029E58,0x80029F1F,0xC8
FUN_80029f20,0x80029F20,0x8002A097,0x178
FUN_8002a0a8,0x8002A0A8,0x8002A0E7,0x40
FUN_8002a0e8,0x8002A0E8,0x8002A113,0x2C
FUN_8002a114,0x8002A114,0x8002A1B7,0xA4
FUN_8002a1b8,0x8002A1B8,0x8002A243,0x8C
FUN_8002a244,0x8002A244,0x8002A253,0x10
FUN_8002a254,0x8002A254,0x8002A25B,0x8
FUN_8002a25c,0x8002A25C,0x8002A263,0x8
FUN_8002a264,0x8002A264,0x8002A463,0x200
FUN_8002a464,0x8002A464,0x8002A46B,0x8
FUN_8002a46c,0x8002A46C,0x8002A68F,0x224
FUN_8002a690,0x8002A690,0x8002A7F7,0x168
FUN_8002a7f8,0x8002A7F8,0x8002A88B,0x94
FUN_8002a88c,0x8002A88C,0x8002A8AB,0x20
FUN_8002a8ac,0x8002A8AC,0x8002A937,0x8C
FUN_8002a938,0x8002A938,0x8002A9AF,0x78
FUN_8002a9b0,0x8002A9B0,0x8002AA4B,0x9C
FUN_8002aa4c,0x8002AA4C,0x8002AA6B,0x20
FUN_8002aa6c,0x8002AA6C,0x8002AA8B,0x20
FUN_8002aa8c,0x8002AA8C,0x8002AAAB,0x20
FUN_8002aaac,0x8002AAAC,0x8002AB2F,0x84
FUN_8002ab30,0x8002AB30,0x8002AB6F,0x40
FUN_8002ab70,0x8002AB70,0x8002ABB3,0x44
FUN_8002abb4,0x8002ABB4,0x8002ABE7,0x34
FUN_8002abe8,0x8002ABE8,0x8002AC9F,0xB8
FUN_8002aca0,0x8002ACA0,0x8002B03F,0x3A0
FUN_8002b040,0x8002B040,0x8002B287,0x248
FUN_8002b288,0x8002B288,0x8002B3C7,0x140
FUN_8002b3c8,0x8002B3C8,0x8002B3FB,0x34
FUN_8002b3fc,0x8002B3FC,0x8002B433,0x38
FUN_8002b434,0x8002B434,0x8002B5C3,0x190
FUN_8002b5c4,0x8002B5C4,0x8002BB63,0x5A0
FUN_8002bb64,0x8002BB64,0x8002BBD7,0x74
FUN_8002bbd8,0x8002BBD8,0x8002BC67,0x90
FUN_8002bc68,0x8002BC68,0x8002BE9F,0x238
FUN_8002bea0,0x8002BEA0,0x8002BF27,0x88
FUN_8002bf28,0x8002BF28,0x8002C12B,0x204
FUN_8002c12c,0x8002C12C,0x8002C1DF,0xB4
FUN_8002c1e0,0x8002C1E0,0x8002C22B,0x4C
FUN_8002c22c,0x8002C22C,0x8002C373,0x148
FUN_8002c374,0x8002C374,0x8002C43B,0xC8
FUN_8002c43c,0x8002C43C,0x8002C50F,0xD4
FUN_8002c510,0x8002C510,0x8002C5A3,0x94
FUN_8002c5a4,0x8002C5A4,0x8002C703,0x160
FUN_8002c704,0x8002C704,0x8002C7DF,0xDC
FUN_8002c7e0,0x8002C7E0,0x8002C807,0x28
FUN_8002c808,0x8002C808,0x8002C84B,0x44
FUN_8002c84c,0x8002C84C,0x8002C8F3,0xA8
FUN_8002c8f4,0x8002C8F4,0x8002C93B,0x48
FUN_8002c93c,0x8002C93C,0x8002C9D3,0x98
FUN_8002c9d4,0x8002C9D4,0x8002CB03,0x130
FUN_8002cb04,0x8002CB04,0x8002CD2F,0x22C
FUN_8002cd30,0x8002CD30,0x8002CD83,0x54
FUN_8002cd84,0x8002CD84,0x8002D2DB,0x558
FUN_8002d2dc,0x8002D2DC,0x8002D357,0x7C
FUN_8002d358,0x8002D358,0x8002D37B,0x24
FUN_8002d37c,0x8002D37C,0x8002D3EF,0x74
FUN_8002d3f0,0x8002D3F0,0x8002D59F,0x1B0
FUN_8002d5a0,0x8002D5A0,0x8002D76B,0x1CC
FUN_8002d76c,0x8002D76C,0x8002D8D3,0x168
FUN_8002d8d4,0x8002D8D4,0x8002DB67,0x294
FUN_8002db68,0x8002DB68,0x8002DB8F,0x28
FUN_8002db90,0x8002DB90,0x8002DC37,0xA8
FUN_8002dc38,0x8002DC38,0x8002DC57,0x20
FUN_8002dc58,0x8002DC58,0x8002DC87,0x30
FUN_8002dc88,0x8002DC88,0x8002DD83,0xFC
FUN_8002dd84,0x8002DD84,0x8002DDCB,0x48
FUN_8002ddcc,0x8002DDCC,0x8002DE33,0x68
FUN_8002de34,0x8002DE34,0x8002DE73,0x40
FUN_8002de74,0x8002DE74,0x8002DFF3,0x180
FUN_8002dff4,0x8002DFF4,0x8002E0EB,0xF8
FUN_8002e0ec,0x8002E0EC,0x8002E1FF,0x114
FUN_8002e200,0x8002E200,0x8002E437,0x238
FUN_8002e438,0x8002E438,0x8002E467,0x30
FUN_8002e468,0x8002E468,0x8002E527,0xC0
FUN_8002e528,0x8002E528,0x8002EB4F,0x628
FUN_8002eb50,0x8002EB50,0x8002ECD3,0x184
FUN_8002ecd4,0x8002ECD4,0x8002EE17,0x144
FUN_8002ee18,0x8002EE18,0x8002EF87,0x170
FUN_8002ef88,0x8002EF88,0x8002F10B,0x184
FUN_8002f10c,0x8002F10C,0x8002F197,0x8C
FUN_8002f198,0x8002F198,0x8002F1EF,0x58
FUN_8002f1f0,0x8002F1F0,0x8002F293,0xA4
FUN_8002f294,0x8002F294,0x8002F2F7,0x64
FUN_8002f2f8,0x8002F2F8,0x8002F38B,0x94
FUN_8002f38c,0x8002F38C,0x8002F3EF,0x64
FUN_8002f3f0,0x8002F3F0,0x8002F453,0x64
FUN_8002f454,0x8002F454,0x8002F4C3,0x70
FUN_8002f4c4,0x8002F4C4,0x8002F84B,0x388
FUN_8002f84c,0x8002F84C,0x8002F86B,0x20
FUN_8002f86c,0x8002F86C,0x8002F913,0xA8
FUN_8002f914,0x8002F914,0x8002F9B3,0xA0
FUN_8002f9b4,0x8002F9B4,0x8002FA03,0x50
FUN_8002fa04,0x8002FA04,0x8002FAD3,0xD0
FUN_8002fad4,0x8002FAD4,0x8002FB4F,0x7C
FUN_8002fb50,0x8002FB50,0x8002FC13,0xC4
FUN_8002fc14,0x8002FC14,0x8002FE97,0x284
FUN_8002fe98,0x8002FE98,0x8002FF07,0x70
FUN_8002ff08,0x8002FF08,0x800300BB,0x1B4
FUN_800300bc,0x800300BC,0x800300D7,0x1C
FUN_800300d8,0x800300D8,0x8003016F,0x98
FUN_80030170,0x80030170,0x80030207,0x98
FUN_80030208,0x80030208,0x80030657,0x450
FUN_80030658,0x80030658,0x8003066B,0x14
FUN_8003066c,0x8003066C,0x800306E7,0x7C
FUN_800306e8,0x800306E8,0x80030757,0x70
FUN_80030758,0x80030758,0x8003081B,0xC4
FUN_8003081c,0x8003081C,0x8003084B,0x30
FUN_80030854,0x80030854,0x800308AB,0x58
FUN_800308ac,0x800308AC,0x80030B17,0x26C
FUN_80030c78,0x80030C78,0x80030CCF,0x58
FUN_80030cd0,0x80030CD0,0x80030D17,0x48
FUN_80030d18,0x80030D18,0x80031523,0x80C
FUN_80031524,0x80031524,0x800315A7,0x84
FUN_800315a8,0x800315A8,0x80031613,0x6C
FUN_80031614,0x80031614,0x8003183B,0x228
FUN_8003183c,0x8003183C,0x80031913,0xD8
FUN_80031914,0x80031914,0x800319AF,0x9C
FUN_800319b0,0x800319B0,0x80031C5B,0x2AC
FUN_80031c5c,0x80031C5C,0x80031C8B,0x30
FUN_80031c8c,0x80031C8C,0x80031CB7,0x2C
FUN_80031cb8,0x80031CB8,0x80031D17,0x60
FUN_80031d18,0x80031D18,0x80031D43,0x2C
FUN_80031d44,0x80031D44,0x80031D8B,0x48
FUN_80031d8c,0x80031D8C,0x80031DC7,0x3C
FUN_80031dd0,0x80031DD0,0x80031DD7,0x8
FUN_80031dd8,0x80031DD8,0x80031DFF,0x28
FUN_80031e00,0x80031E00,0x80031FC3,0x1C4
FUN_80031fc4,0x80031FC4,0x80031FE3,0x20
FUN_80031fe4,0x80031FE4,0x8003201F,0x3C
FUN_80032020,0x80032020,0x800320DB,0xBC
FUN_800320dc,0x800320DC,0x800322CB,0x1F0
FUN_800322cc,0x800322CC,0x8003253F,0x274
FUN_80032540,0x80032540,0x80032773,0x234
FUN_80032774,0x80032774,0x8003287B,0x108
FUN_8003287c,0x8003287C,0x80032B0F,0x294
FUN_80032b10,0x80032B10,0x80032BB7,0xA8
FUN_80032bb8,0x80032BB8,0x80032CB3,0xFC
FUN_80032cb4,0x80032CB4,0x80032DCB,0x118
FUN_80032dcc,0x80032DCC,0x80032F57,0x18C
FUN_80032f58,0x80032F58,0x80033277,0x320
FUN_80033278,0x80033278,0x800334B7,0x240
FUN_800334b8,0x800334B8,0x80033527,0x70
FUN_80033528,0x80033528,0x800337EB,0x2C4
FUN_800337ec,0x800337EC,0x80033AB7,0x2CC
FUN_80033ab8,0x80033AB8,0x80033DEF,0x338
FUN_80033df0,0x80033DF0,0x800342CF,0x4E0
FUN_800342d0,0x800342D0,0x800345DF,0x310
FUN_800345e0,0x800345E0,0x80035317,0xD38
FUN_80035318,0x80035318,0x80035377,0x60
FUN_80035378,0x80035378,0x8003539F,0x28
FUN_800353a0,0x800353A0,0x8003542B,0x8C
FUN_8003542c,0x8003542C,0x80035677,0x24C
FUN_80035678,0x80035678,0x80035783,0x10C
FUN_80035784,0x80035784,0x80035943,0x1C0
FUN_80035944,0x80035944,0x80035A23,0xE0
FUN_80035a24,0x80035A24,0x80035A43,0x20
FUN_80035a44,0x80035A44,0x80035BEB,0x1A8
FUN_80035bec,0x80035BEC,0x80036023,0x438
FUN_80036024,0x80036024,0x80036067,0x44
FUN_80036068,0x80036068,0x80036247,0x1E0
FUN_80036248,0x80036248,0x800362C3,0x7C
FUN_800362c4,0x800362C4,0x80036373,0xB0
FUN_80036374,0x80036374,0x800363AB,0x38
FUN_800363ac,0x800363AC,0x800363DB,0x30
FUN_800363dc,0x800363DC,0x80036477,0x9C
FUN_80036478,0x80036478,0x800365FF,0x188
FUN_80036600,0x80036600,0x80036633,0x34
FUN_80036634,0x80036634,0x80036687,0x54
FUN_80036688,0x80036688,0x80036757,0xD0
FUN_80036758,0x80036758,0x8003680B,0xB4
FUN_8003680c,0x8003680C,0x80036897,0x8C
FUN_80036898,0x80036898,0x80036A73,0x1DC
FUN_80036a74,0x80036A74,0x80036B33,0xC0
FUN_80036b34,0x80036B34,0x80036BE3,0xB0
FUN_80036be4,0x80036BE4,0x80036F6B,0x388
FUN_80036f6c,0x80036F6C,0x80036FB3,0x48
FUN_80036fb4,0x80036FB4,0x800370AB,0xF8
FUN_800370ac,0x800370AC,0x8003730F,0x264
FUN_80037310,0x80037310,0x800373BB,0xAC
FUN_800373bc,0x800373BC,0x8003743B,0x80
FUN_8003743c,0x8003743C,0x800374D7,0x9C
FUN_800374d8,0x800374D8,0x80037B63,0x68C
FUN_80037b64,0x80037B64,0x80037DCB,0x268
FUN_80037dcc,0x80037DCC,0x80037E37,0x6C
FUN_80037e38,0x80037E38,0x80037E93,0x5C
FUN_80037e94,0x80037E94,0x80037F5F,0xCC
FUN_80037f60,0x80037F60,0x80037FB3,0x54
FUN_80037fb4,0x80037FB4,0x80038107,0x154
FUN_80038108,0x80038108,0x8003869F,0x34C
FUN_800386a0,0x800386A0,0x8003875B,0xBC
FUN_8003875c,0x8003875C,0x800387DB,0x80
FUN_800387dc,0x800387DC,0x80038A17,0x23C
FUN_80038a18,0x80038A18,0x80039267,0x850
FUN_80039268,0x80039268,0x80039543,0x2DC
FUN_80039544,0x80039544,0x8003977B,0x238
FUN_8003977c,0x8003977C,0x80039A23,0x2A8
FUN_80039a24,0x80039A24,0x80039C1F,0x1FC
FUN_80039c20,0x80039C20,0x80039CE7,0xC8
FUN_80039ce8,0x80039CE8,0x80039D0F,0x28
FUN_80039d10,0x80039D10,0x80039D8F,0x80
FUN_80039d90,0x80039D90,0x80039E23,0x94
FUN_80039e24,0x80039E24,0x8003A57F,0x75C
FUN_8003a580,0x8003A580,0x8003A79B,0x21C
FUN_8003a79c,0x8003A79C,0x8003A84B,0xB0
FUN_8003a84c,0x8003A84C,0x8003A8FB,0xB0
FUN_8003a8fc,0x8003A8FC,0x8003A977,0x7C
FUN_8003a978,0x8003A978,0x8003AFA7,0x520
FUN_8003afa8,0x8003AFA8,0x8003B193,0x1EC
FUN_8003b194,0x8003B194,0x8003B44B,0x2B8
FUN_8003b44c,0x8003B44C,0x8003B46F,0x24
FUN_8003b470,0x8003B470,0x8003B4CF,0x60
FUN_8003b4d0,0x8003B4D0,0x8003B5A3,0xD4
FUN_8003b5a4,0x8003B5A4,0x8003B8B7,0x314
FUN_8003b8b8,0x8003B8B8,0x8003B997,0xE0
FUN_8003b998,0x8003B998,0x8003BA1B,0x84
FUN_8003ba1c,0x8003BA1C,0x8003BAF7,0xDC
FUN_8003baf8,0x8003BAF8,0x8003BC93,0x19C
FUN_8003bc94,0x8003BC94,0x8003BE6B,0x1D8
FUN_8003be6c,0x8003BE6C,0x8003C2E7,0x47C
FUN_8003c2e8,0x8003C2E8,0x8003C4CF,0x1E8
FUN_8003c4d0,0x8003C4D0,0x8003C75B,0x28C
FUN_8003c75c,0x8003C75C,0x8003C97B,0x220
FUN_8003c97c,0x8003C97C,0x8003C9F3,0x78
FUN_8003c9f4,0x8003C9F4,0x8003CA73,0x80
FUN_8003ca74,0x8003CA74,0x8003D053,0x5E0
FUN_8003d054,0x8003D054,0x8003D11B,0xC8
FUN_8003d11c,0x8003D11C,0x8003D1FB,0xE0
FUN_8003d1fc,0x8003D1FC,0x8003D243,0x48
FUN_8003d244,0x8003D244,0x8003D27F,0x3C
FUN_8003d280,0x8003D280,0x8003D4A3,0x224
FUN_8003d4a4,0x8003D4A4,0x8003D753,0x2B0
FUN_8003d754,0x8003D754,0x8003D7B3,0x60
FUN_8003d7b4,0x8003D7B4,0x8003D95F,0x1AC
FUN_8003d960,0x8003D960,0x8003DBE7,0x288
FUN_8003dbe8,0x8003DBE8,0x8003DF67,0x380
FUN_8003df68,0x8003DF68,0x8003E01B,0xB4
FUN_8003e01c,0x8003E01C,0x8003E0B3,0x98
FUN_8003e0b4,0x8003E0B4,0x8003E13F,0x8C
FUN_8003e140,0x8003E140,0x8003E267,0x128
FUN_8003e268,0x8003E268,0x8003E5DF,0x378
FUN_8003e5e0,0x8003E5E0,0x8003E627,0x48
FUN_8003e628,0x8003E628,0x8003E66F,0x48
FUN_8003e670,0x8003E670,0x8003E6FB,0x8C
FUN_8003e6fc,0x8003E6FC,0x8003E85B,0x160
FUN_8003e85c,0x8003E85C,0x8003EA4B,0x1F0
FUN_8003ea4c,0x8003EA4C,0x8003EFFF,0x5B4
FUN_8003f000,0x8003F000,0x8003F06B,0x6C
FUN_8003f06c,0x8003F06C,0x8003F0E7,0x7C
FUN_8003f0e8,0x8003F0E8,0x8003F173,0x8C
FUN_8003f174,0x8003F174,0x8003F227,0xB4
FUN_8003f228,0x8003F228,0x8003F523,0x2FC
FUN_8003f524,0x8003F524,0x8003F56B,0x48
FUN_8003f56c,0x8003F56C,0x8003F5B3,0x48
FUN_8003f5b4,0x8003F5B4,0x8003F63F,0x8C
FUN_8003f640,0x8003F640,0x8003F6D7,0x98
FUN_8003f6d8,0x8003F6D8,0x8003F8F3,0x21C
FUN_8003f8f4,0x8003F8F4,0x8003F977,0x84
FUN_8003f978,0x8003F978,0x8003F9FB,0x84
FUN_8003f9fc,0x8003F9FC,0x8003FCA3,0x2A8
FUN_8003fca4,0x8003FCA4,0x80040043,0x3A0
FUN_80040044,0x80040044,0x8004006B,0x28
FUN_8004006c,0x8004006C,0x8004023F,0x1D4
FUN_80040240,0x80040240,0x80040ADB,0x89C
FUN_80040adc,0x80040ADC,0x80040DD3,0x2F8
FUN_80040dd4,0x80040DD4,0x80040E5F,0x8C
FUN_80040e60,0x80040E60,0x800414B7,0x658
FUN_800414b8,0x800414B8,0x80041917,0x460
FUN_80041918,0x80041918,0x800419BB,0xA4
FUN_800419bc,0x800419BC,0x80041ADF,0x124
FUN_80041ae0,0x80041AE0,0x80041D77,0x298
FUN_80041d78,0x80041D78,0x800424C3,0x74C
FUN_800424c4,0x800424C4,0x800424FB,0x38
FUN_800424fc,0x800424FC,0x8004255B,0x60
FUN_8004255c,0x8004255C,0x8004257B,0x20
FUN_8004257c,0x8004257C,0x80042843,0x2C8
FUN_80042844,0x80042844,0x800429BF,0x17C
FUN_800429c0,0x800429C0,0x80042DCF,0x410
FUN_80042dd0,0x80042DD0,0x80043497,0x6C8
FUN_80043498,0x80043498,0x800436DF,0x248
FUN_800436e0,0x800436E0,0x80043B97,0x4B8
FUN_80043b98,0x80043B98,0x80043C63,0xCC
FUN_80043c64,0x80043C64,0x80044463,0x800
FUN_80044464,0x80044464,0x8004454F,0xEC
FUN_80044550,0x80044550,0x80044997,0x448
FUN_80044998,0x80044998,0x80044E47,0x4B0
FUN_80044e48,0x80044E48,0x80044EF7,0xB0
FUN_80044ef8,0x80044EF8,0x8004554B,0x654
FUN_8004554c,0x8004554C,0x80045A37,0x4EC
FUN_80045a38,0x80045A38,0x80045B13,0xDC
FUN_80045b14,0x80045B14,0x80045BBF,0xAC
FUN_80045bc0,0x80045BC0,0x80045FD3,0x414
FUN_80045fd4,0x80045FD4,0x8004604F,0x7C
FUN_80046050,0x80046050,0x800463DF,0x390
FUN_800463e0,0x800463E0,0x80046457,0x78
FUN_80046458,0x80046458,0x800466C7,0x270
FUN_800466c8,0x800466C8,0x80046737,0x70
FUN_80046738,0x80046738,0x80046C2B,0x4F4
FUN_80046c2c,0x80046C2C,0x80046F67,0x33C
FUN_80046f68,0x80046F68,0x800470B7,0x150
FUN_800470b8,0x800470B8,0x8004759B,0x4E4
FUN_8004759c,0x8004759C,0x8004781B,0x280
FUN_8004781c,0x8004781C,0x800479B7,0x19C
FUN_800479b8,0x800479B8,0x80048D5B,0x13A4
FUN_80048d5c,0x80048D5C,0x80048FE3,0x288
FUN_80048fe4,0x80048FE4,0x80048FEB,0x8
FUN_80048ff4,0x80048FF4,0x8004900B,0x18
FUN_8004900c,0x8004900C,0x80049017,0xC
FUN_80049018,0x80049018,0x800492FF,0x2E8
FUN_80049300,0x80049300,0x80049D33,0xA34
FUN_80049d34,0x80049D34,0x80049E9B,0x168
FUN_80049e9c,0x80049E9C,0x8004A043,0x1A8
FUN_8004a044,0x8004A044,0x8004AC67,0xC24
FUN_8004ac68,0x8004AC68,0x8004B1A3,0x53C
FUN_8004b1a4,0x8004B1A4,0x8004B6C3,0x520
FUN_8004b6c4,0x8004B6C4,0x8004BA83,0x3C0
FUN_8004ba84,0x8004BA84,0x8004C143,0x6C0
FUN_8004c144,0x8004C144,0x8004C373,0x230
FUN_8004c374,0x8004C374,0x8004C5E7,0x274
FUN_8004c5e8,0x8004C5E8,0x8004CAF3,0x50C
FUN_8004caf4,0x8004CAF4,0x8004D333,0x840
FUN_8004d334,0x8004D334,0x8004D35F,0x2C
FUN_8004d360,0x8004D360,0x8004D38B,0x2C
FUN_8004d38c,0x8004D38C,0x8004D48F,0x104
FUN_8004d490,0x8004D490,0x8004D8BF,0x430
FUN_8004d8c0,0x8004D8C0,0x8004D943,0x84
FUN_8004d944,0x8004D944,0x8004D9EB,0xA8
FUN_8004d9ec,0x8004D9EC,0x8004DAD7,0xEC
FUN_8004dad8,0x8004DAD8,0x8004DC07,0x130
FUN_8004dc08,0x8004DC08,0x8004E3CB,0x198
FUN_8004e3cc,0x8004E3CC,0x8004EA87,0x6BC
FUN_8004ea88,0x8004EA88,0x8004FD37,0x12B0
FUN_8004fd38,0x8004FD38,0x8004FD3F,0x8
FUN_8004fd48,0x8004FD48,0x800504A7,0x760
FUN_800504a8,0x800504A8,0x80050767,0x2C0
FUN_80050768,0x80050768,0x80050DC7,0x660
FUN_80050dc8,0x80050DC8,0x80050DCF,0x8
FUN_80050dd0,0x80050DD0,0x80050DD7,0x8
FUN_80050dd8,0x80050DD8,0x80050DDF,0x8
FUN_80050df0,0x80050DF0,0x80050DF7,0x8
FUN_80050e10,0x80050E10,0x80050E17,0x8
FUN_80050e18,0x80050E18,0x80050E1F,0x8
FUN_80050e40,0x80050E40,0x80050E6B,0x2C
FUN_80050e6c,0x80050E6C,0x80050E73,0x8
FUN_80050e74,0x80050E74,0x80050F87,0x114
FUN_80050f88,0x80050F88,0x80051097,0x110
FUN_80051098,0x80051098,0x80051293,0x1FC
FUN_80051294,0x80051294,0x800516E3,0x450
FUN_800516e4,0x800516E4,0x800519A7,0x2C4
FUN_800519a8,0x800519A8,0x80051ED7,0x530
FUN_80051ed8,0x80051ED8,0x80051F03,0x2C
FUN_80051f04,0x80051F04,0x80051F17,0x14
FUN_80051f18,0x80051F18,0x8005200B,0xF4
FUN_8005200c,0x8005200C,0x80052223,0x218
FUN_80052488,0x80052488,0x800525AB,0x124
FUN_800525ac,0x800525AC,0x80052913,0x368
FUN_80052914,0x80052914,0x80052C1F,0x30C
FUN_80052c20,0x80052C20,0x800530FB,0x4DC
FUN_800530fc,0x800530FC,0x800535C7,0x4CC
FUN_800535c8,0x800535C8,0x8005367F,0xB8
FUN_80053680,0x80053680,0x8005369F,0x20
FUN_800536a0,0x800536A0,0x80053707,0x68
FUN_80053708,0x80053708,0x8005373F,0x38
FUN_80053740,0x80053740,0x800539F3,0x2B4
FUN_800539fc,0x800539FC,0x80053F67,0x56C
FUN_80053f68,0x80053F68,0x8005426F,0x308
FUN_80054280,0x80054280,0x8005459F,0x320
FUN_800545c4,0x800545C4,0x800545DF,0x1C
FUN_800545e0,0x800545E0,0x800545EB,0xC
FUN_80054660,0x80054660,0x8005483B,0x1DC
FUN_8005483c,0x8005483C,0x80054A17,0x1DC
FUN_80054a18,0x80054A18,0x80054ADB,0xC4
FUN_80054adc,0x80054ADC,0x80054C8F,0x1B4
FUN_80054d4c,0x80054D4C,0x80054E4F,0x104
FUN_80054e50,0x80054E50,0x80054ED7,0x88
FUN_80054ed8,0x80054ED8,0x80054F9F,0xC8
FUN_80054fcc,0x80054FCC,0x80055017,0x4C
FUN_80055018,0x80055018,0x80055367,0x350
FUN_80055368,0x80055368,0x80055EFF,0xB98
FUN_80055f00,0x80055F00,0x80055F0B,0xC
FUN_80055f0c,0x80055F0C,0x80055F17,0xC
FUN_80055f18,0x80055F18,0x80055F43,0x2C
FUN_80055f44,0x80055F44,0x80055F5F,0x1C
FUN_80055f60,0x80055F60,0x80055FE3,0x84
FUN_80055fe4,0x80055FE4,0x8005605B,0x78
FUN_8005605c,0x8005605C,0x80056073,0x18
FUN_80056074,0x80056074,0x8005607F,0xC
FUN_80056080,0x80056080,0x800562CB,0x24C
FUN_800562cc,0x800562CC,0x800563D7,0x10C
FUN_80056624,0x80056624,0x8005664F,0x2C
FUN_80056650,0x80056650,0x80056677,0x28
FUN_80056678,0x80056678,0x800566DF,0x68
FUN_80056790,0x80056790,0x8005679F,0x10
FUN_800567a0,0x800567A0,0x800567AF,0x10
FUN_800567b0,0x800567B0,0x800567BF,0x10
FUN_80056868,0x80056868,0x80056897,0x30
FUN_80056898,0x80056898,0x800568A3,0xC
FUN_800568a4,0x800568A4,0x800568C3,0x20
FUN_800568c4,0x800568C4,0x800568E3,0x20
FUN_80056914,0x80056914,0x80056927,0x14
FUN_80056944,0x80056944,0x80056973,0x30
FUN_8005699c,0x8005699C,0x80056AA3,0x108
FUN_80056aa4,0x80056AA4,0x80056B77,0xD4
FUN_80056b78,0x80056B78,0x80056C1F,0xA8
FUN_80056c20,0x80056C20,0x80056C27,0x8
FUN_80056c28,0x80056C28,0x80056C83,0x5C
FUN_80056c84,0x80056C84,0x80056CDF,0x5C
FUN_80056ce0,0x80056CE0,0x80056D2F,0x50
FUN_80056d30,0x80056D30,0x80056DDF,0xB0
FUN_80056de0,0x80056DE0,0x80056E6B,0x8C
FUN_80056e6c,0x80056E6C,0x80056EBB,0x50
FUN_80056ebc,0x80056EBC,0x80056F5B,0xA0
FUN_80056f5c,0x80056F5C,0x80056FFB,0xA0
FUN_80056ffc,0x80056FFC,0x8005703B,0x40
FUN_8005703c,0x8005703C,0x800572BF,0x284
FUN_800572c0,0x800572C0,0x800579FB,0x73C
FUN_800579fc,0x800579FC,0x80057B17,0x11C
FUN_80057b18,0x80057B18,0x80057F5B,0x444
FUN_80057f5c,0x80057F5C,0x8005811F,0x1C4
FUN_80058120,0x80058120,0x800581BF,0xA0
FUN_800581c0,0x800581C0,0x8005825F,0xA0
FUN_80058260,0x80058260,0x8005828B,0x2C
FUN_8005828c,0x8005828C,0x800582CB,0x40
FUN_800582cc,0x800582CC,0x800582DB,0x10
FUN_800582dc,0x800582DC,0x800583FB,0x120
FUN_800583fc,0x800583FC,0x8005847B,0x80
FUN_8005847c,0x8005847C,0x800584CB,0x50
FUN_800584cc,0x800584CC,0x8005853B,0x70
FUN_8005853c,0x8005853C,0x8005860F,0xD4
FUN_80058610,0x80058610,0x80058AA7,0x498
FUN_80058aa8,0x80058AA8,0x80058BBF,0x118
FUN_80058bc0,0x80058BC0,0x8005974F,0xB90
FUN_80059750,0x80059750,0x800597AF,0x60
FUN_800597b0,0x800597B0,0x800597EB,0x3C
FUN_800597ec,0x800597EC,0x800598D7,0xEC
FUN_800598d8,0x800598D8,0x80059967,0x90
FUN_80059968,0x80059968,0x80059C57,0x2F0
FUN_80059c58,0x80059C58,0x80059CC3,0x6C
FUN_80059cc4,0x80059CC4,0x80059F43,0x280
FUN_80059f44,0x80059F44,0x8005A437,0x4F4
FUN_8005a438,0x8005A438,0x8005A56F,0x138
FUN_8005a570,0x8005A570,0x8005AD37,0x7C8
FUN_8005ad38,0x8005AD38,0x8005ADB7,0x80
FUN_8005adb8,0x8005ADB8,0x8005AE83,0xCC
FUN_8005ae84,0x8005AE84,0x8005AFFF,0x17C
FUN_8005b000,0x8005B000,0x8005B027,0x28
FUN_8005b028,0x8005B028,0x8005B257,0x230
FUN_8005b258,0x8005B258,0x8005BC33,0x9DC
FUN_8005bc34,0x8005BC34,0x8005BCBF,0x8C
FUN_8005bcc0,0x8005BCC0,0x8005BDD7,0x118
FUN_8005bdd8,0x8005BDD8,0x8005C007,0x230
FUN_8005c008,0x8005C008,0x8005C437,0x430
FUN_8005c438,0x8005C438,0x8005C5DF,0x1A8
FUN_8005c5e0,0x8005C5E0,0x8005CE4B,0x86C
FUN_8005ce4c,0x8005CE4C,0x8005CF5B,0x110
FUN_8005cf5c,0x8005CF5C,0x8005D06F,0x114
FUN_8005d070,0x8005D070,0x8005D13F,0xD0
FUN_8005d140,0x8005D140,0x8005D9EF,0x8B0
FUN_8005d9f0,0x8005D9F0,0x8005DBCB,0x1DC
FUN_8005dbcc,0x8005DBCC,0x8005DCEB,0x120
FUN_8005dcec,0x8005DCEC,0x8005DDCF,0xE4
FUN_8005ddd0,0x8005DDD0,0x8005DEC3,0xF4
FUN_8005dec4,0x8005DEC4,0x8005E047,0x184
FUN_8005e048,0x8005E048,0x8005E1CF,0x188
FUN_8005e1d0,0x8005E1D0,0x8005E1FF,0x30
FUN_8005e200,0x8005E200,0x8005EA27,0x828
FUN_8005ea28,0x8005EA28,0x8005F01B,0x5F4
FUN_8005f01c,0x8005F01C,0x8005F327,0x30C
FUN_8005f328,0x8005F328,0x8005F3BB,0x94
FUN_8005f3bc,0x8005F3BC,0x8005F887,0x4CC
FUN_8005f888,0x8005F888,0x8005F947,0xC0
FUN_8005f948,0x8005F948,0x8005FAA7,0x160
FUN_8005faa8,0x8005FAA8,0x8005FAE7,0x40
FUN_8005fae8,0x8005FAE8,0x8005FC87,0x1A0
FUN_8005fc88,0x8005FC88,0x80060007,0x380
FUN_80060008,0x80060008,0x800600EF,0xE8
FUN_800600f0,0x800600F0,0x800601B7,0xC8
FUN_800601b8,0x800601B8,0x8006023F,0x88
FUN_80060240,0x80060240,0x800602CB,0x8C
FUN_800602cc,0x800602CC,0x80060E8B,0xBC0
FUN_80060e8c,0x80060E8C,0x80060EF7,0x6C
FUN_80060ef8,0x80060EF8,0x80060FBB,0xC4
FUN_80060fbc,0x80060FBC,0x800610FB,0x140
FUN_800610fc,0x800610FC,0x800612E3,0x1E8
FUN_800612e4,0x800612E4,0x8006175F,0x47C
FUN_80061760,0x80061760,0x80062213,0xAB4
FUN_80062214,0x80062214,0x8006229B,0x88
FUN_8006229c,0x8006229C,0x800622FF,0x64
FUN_80062300,0x80062300,0x80062357,0x58
FUN_80062358,0x80062358,0x800623AF,0x58
FUN_800623b0,0x800623B0,0x8006259B,0x1EC
FUN_8006259c,0x8006259C,0x8006265F,0xC4
FUN_80062660,0x80062660,0x8006269F,0x40
FUN_800626a0,0x800626A0,0x800626D3,0x34
FUN_800626d4,0x800626D4,0x80062703,0x30
FUN_80062704,0x80062704,0x800628DB,0x1D8
FUN_800628dc,0x800628DC,0x800628FB,0x20
FUN_800628fc,0x800628FC,0x80062A2F,0x134
FUN_80062a30,0x80062A30,0x80062A7B,0x4C
FUN_80062a7c,0x80062A7C,0x80062BFB,0x180
FUN_80062bfc,0x80062BFC,0x80062D83,0x188
FUN_80062d84,0x80062D84,0x80062E5F,0xDC
FUN_80062e60,0x80062E60,0x80062EEB,0x8C
FUN_80062eec,0x80062EEC,0x8006322B,0x340
FUN_8006322c,0x8006322C,0x80063233,0x8
FUN_80063234,0x80063234,0x80063B0B,0x8D8
FUN_80063b0c,0x80063B0C,0x80063B73,0x68
FUN_80063b74,0x80063B74,0x80063D57,0x1E4
FUN_80063d58,0x80063D58,0x80063EDB,0x184
FUN_80063edc,0x80063EDC,0x800640D7,0x1FC
FUN_800640d8,0x800640D8,0x800642E7,0x210
FUN_800642e8,0x800642E8,0x8006432B,0x44
FUN_8006432c,0x8006432C,0x80064387,0x5C
FUN_80064388,0x80064388,0x800644FB,0x174
FUN_800644fc,0x800644FC,0x8006459B,0xA0
FUN_8006459c,0x8006459C,0x800646A7,0x10C
FUN_800646a8,0x800646A8,0x80064913,0x26C
FUN_80064914,0x80064914,0x80064963,0x50
FUN_80064964,0x80064964,0x800649D7,0x74
FUN_800649d8,0x800649D8,0x80064DBB,0x3E4
FUN_80064dbc,0x80064DBC,0x8006506F,0x2B4
FUN_80065070,0x80065070,0x8006513F,0xD0
FUN_80065140,0x80065140,0x80065327,0x1E8
FUN_80065328,0x80065328,0x800653E7,0xC0
FUN_800653e8,0x800653E8,0x800655AF,0x1C8
FUN_800655b0,0x800655B0,0x8006581F,0x270
FUN_80065820,0x80065820,0x800659EF,0x1D0
FUN_800659f0,0x800659F0,0x80065B17,0x128
FUN_80065b18,0x80065B18,0x80065DAF,0x298
FUN_80065db0,0x80065DB0,0x800663A3,0x5F4
FUN_800663a4,0x800663A4,0x8006649F,0xFC
FUN_800664a0,0x800664A0,0x800665FB,0x15C
FUN_800665fc,0x800665FC,0x80066D97,0x79C
FUN_80066d98,0x80066D98,0x80066E83,0xEC
FUN_80066e84,0x80066E84,0x80066F87,0x104
FUN_80066f88,0x80066F88,0x800670A7,0x120
FUN_800670a8,0x800670A8,0x800670AF,0x8
FUN_800670b0,0x800670B0,0x8006710F,0x60
FUN_80067110,0x80067110,0x80067193,0x84
FUN_80067194,0x80067194,0x8006720B,0x78
FUN_8006720c,0x8006720C,0x800673EF,0x1E4
FUN_800673f0,0x800673F0,0x80067467,0x78
FUN_80067468,0x80067468,0x8006754F,0xE8
FUN_80067550,0x80067550,0x800675E3,0x94
FUN_800675e4,0x800675E4,0x80067663,0x80
FUN_80067664,0x80067664,0x800677D7,0x174
FUN_800677d8,0x800677D8,0x80067813,0x3C
FUN_80067814,0x80067814,0x8006792F,0x11C
FUN_80067930,0x80067930,0x80067A5F,0x130
FUN_80067a60,0x80067A60,0x80067D37,0x2D8
FUN_80067d38,0x80067D38,0x8006801B,0x2E4
FUN_8006801c,0x8006801C,0x8006817B,0x160
FUN_8006817c,0x8006817C,0x8006830B,0x190
FUN_8006830c,0x8006830C,0x80068503,0x1F8
FUN_80068504,0x80068504,0x800686B7,0x1B4
FUN_800686b8,0x800686B8,0x80068BF7,0x540
FUN_80068bf8,0x80068BF8,0x800691F7,0x600
FUN_8006924c,0x8006924C,0x800692A7,0x5C
FUN_800692a8,0x800692A8,0x8006942B,0x184
FUN_8006942c,0x8006942C,0x80069477,0x4C
FUN_80069478,0x80069478,0x8006949B,0x24
FUN_8006949c,0x8006949C,0x800696CF,0x234
FUN_800696d0,0x800696D0,0x8006992F,0x260
FUN_80069930,0x80069930,0x800699F3,0xC4
FUN_800699f4,0x800699F4,0x80069C2F,0x23C
FUN_80069c30,0x80069C30,0x80069D37,0x108
FUN_80069d38,0x80069D38,0x80069DDB,0xA4
FUN_80069ddc,0x80069DDC,0x80069EC7,0xEC
FUN_80069ec8,0x80069EC8,0x80069EF7,0x30
FUN_80069ef8,0x80069EF8,0x8006A07F,0x188
FUN_8006a080,0x8006A080,0x8006A0D7,0x58
FUN_8006a0d8,0x8006A0D8,0x8006A143,0x6C
FUN_8006a144,0x8006A144,0x8006A2E3,0x1A0
FUN_8006a2e4,0x8006A2E4,0x8006A79F,0x4BC
FUN_8006a7a0,0x8006A7A0,0x8006AA4F,0x2B0
FUN_8006aa50,0x8006AA50,0x8006AC0B,0x1BC
FUN_8006ac0c,0x8006AC0C,0x8006ACBF,0xB4
FUN_8006acc0,0x8006ACC0,0x8006ADFF,0x140
FUN_8006ae00,0x8006AE00,0x8006AF0F,0x110
FUN_8006af10,0x8006AF10,0x8006AFAF,0xA0
FUN_8006afb0,0x8006AFB0,0x8006B063,0xB4
FUN_8006b064,0x8006B064,0x8006B167,0x104
FUN_8006b168,0x8006B168,0x8006B16F,0x8
FUN_8006b170,0x8006B170,0x8006B673,0x504
FUN_8006b674,0x8006B674,0x8006B7DF,0x16C
FUN_8006b7e0,0x8006B7E0,0x8006BD87,0x5A8
FUN_8006bd88,0x8006BD88,0x8006C517,0x790
FUN_8006c518,0x8006C518,0x8006C71F,0x208
FUN_8006c720,0x8006C720,0x8006CADF,0x3C0
FUN_8006cae0,0x8006CAE0,0x8006CD4F,0x270
FUN_8006cd50,0x8006CD50,0x8006CE5F,0x110
FUN_8006ce60,0x8006CE60,0x8006CFDF,0x180
FUN_8006cfe0,0x8006CFE0,0x8006D4AF,0x4D0
FUN_8006d4b0,0x8006D4B0,0x8006D587,0xD8
FUN_8006d588,0x8006D588,0x8006D87F,0x2F8
FUN_8006d880,0x8006D880,0x8006DB07,0x288
FUN_8006db08,0x8006DB08,0x8006DB47,0x40
FUN_8006db48,0x8006DB48,0x8006DC17,0xD0
FUN_8006dc18,0x8006DC18,0x8006E733,0xB1C
FUN_8006e734,0x8006E734,0x8006E7AB,0x78
FUN_8006e7ac,0x8006E7AC,0x8006ECD7,0x52C
FUN_8006ecd8,0x8006ECD8,0x8006EDAB,0xD4
FUN_8006edac,0x8006EDAC,0x8006EF5F,0x1B4
FUN_8006ef60,0x8006EF60,0x8006F823,0x8C4
FUN_8006f824,0x8006F824,0x8006F893,0x70
FUN_8006f894,0x8006F894,0x8006F927,0x94
FUN_8006f928,0x8006F928,0x8006FA4F,0x128
FUN_8006fa50,0x8006FA50,0x8006FAC3,0x74
FUN_8006fac4,0x8006FAC4,0x8006FC93,0x1D0
FUN_8006fc94,0x8006FC94,0x8006FD73,0xE0
FUN_8006fd74,0x8006FD74,0x8006FDC3,0x50
FUN_8006fdc4,0x8006FDC4,0x8006FE2B,0x68
FUN_8006fe2c,0x8006FE2C,0x8006FF1B,0xF0
FUN_8006ff1c,0x8006FF1C,0x8006FF9B,0x80
FUN_8006ff9c,0x8006FF9C,0x8007001B,0x80
FUN_8007001c,0x8007001C,0x80070067,0x4C
FUN_80070068,0x80070068,0x800700E3,0x7C
FUN_800700e4,0x800700E4,0x8007020B,0x128
FUN_8007020c,0x8007020C,0x80070337,0x12C
FUN_80070338,0x80070338,0x80070507,0x1D0
FUN_80070508,0x80070508,0x80070547,0x40
FUN_80070548,0x80070548,0x8007059B,0x54
FUN_8007059c,0x8007059C,0x8007066B,0xD0
FUN_8007066c,0x8007066C,0x800706E3,0x78
FUN_800706e4,0x800706E4,0x80070863,0x180
FUN_80070864,0x80070864,0x80070873,0x10
FUN_80070874,0x80070874,0x80070897,0x24
FUN_80070898,0x80070898,0x800708A7,0x10
FUN_800708b0,0x800708B0,0x800708FB,0x4C
FUN_800708fc,0x800708FC,0x80070957,0x5C
FUN_80070958,0x80070958,0x800709F3,0x9C
FUN_800709f4,0x800709F4,0x80070A3F,0x4C
FUN_80070a40,0x80070A40,0x80070B97,0x158
FUN_80070b98,0x80070B98,0x80070D13,0x17C
FUN_80070d14,0x80070D14,0x80070E23,0x110
FUN_80070e24,0x80070E24,0x80070E8F,0x6C
FUN_80070e90,0x80070E90,0x80070F97,0x108
FUN_80070f98,0x80070F98,0x8007109B,0x104
FUN_8007109c,0x8007109C,0x800711AB,0x110
FUN_800711ac,0x800711AC,0x8007126B,0xC0
FUN_8007126c,0x8007126C,0x800712CF,0x64
FUN_800712d0,0x800712D0,0x80071493,0x1C4
FUN_80071494,0x80071494,0x8007150F,0x7C
FUN_80071510,0x80071510,0x80071593,0x84
FUN_80071594,0x80071594,0x800715CF,0x3C
FUN_800715d0,0x800715D0,0x8007160B,0x3C
FUN_8007160c,0x8007160C,0x8007167B,0x70
FUN_8007167c,0x8007167C,0x80071723,0xA8
FUN_80071758,0x80071758,0x800717B3,0x5C
FUN_800717b4,0x800717B4,0x8007181B,0x68
FUN_8007181c,0x8007181C,0x8007183B,0x20
FUN_8007183c,0x8007183C,0x800718AB,0x70
FUN_800718ac,0x800718AC,0x8007197F,0xD4
FUN_800719b4,0x800719B4,0x80071A1F,0x6C
FUN_80071a20,0x80071A20,0x80071A87,0x68
FUN_80071a88,0x80071A88,0x80071AF7,0x70
FUN_80071ce8,0x80071CE8,0x80071D4F,0x68
FUN_80071d50,0x80071D50,0x80071DBF,0x70
FUN_80071dc0,0x80071DC0,0x80071E6F,0xB0
FUN_80071e70,0x80071E70,0x80071EFF,0x90
FUN_80071fa8,0x80071FA8,0x80072017,0x70
FUN_80072018,0x80072018,0x800720C3,0xAC
FUN_80072164,0x80072164,0x800721CB,0x68
FUN_800721cc,0x800721CC,0x8007227B,0xB0
FUN_80072394,0x80072394,0x8007240B,0x78
FUN_8007240c,0x8007240C,0x800724B3,0xA8
FUN_8007252c,0x8007252C,0x800725FB,0xD0
FUN_800725fc,0x800725FC,0x80072673,0x78
FUN_80072674,0x80072674,0x8007271B,0xA8
FUN_800727a4,0x800727A4,0x8007285B,0xB8
FUN_8007285c,0x8007285C,0x800728D3,0x78
FUN_800728d4,0x800728D4,0x8007294F,0x7C
FUN_80072a10,0x80072A10,0x80072AA7,0x98
FUN_80072ab0,0x80072AB0,0x80072B6F,0xC0
FUN_80072b70,0x80072B70,0x80072C3F,0xD0
FUN_80072c40,0x80072C40,0x80072C73,0x34
FUN_80072c74,0x80072C74,0x80073053,0x3E0
FUN_80073054,0x80073054,0x8007308B,0x38
FUN_8007308c,0x8007308C,0x80073133,0xA8
FUN_80073134,0x80073134,0x800732C3,0x190
FUN_800732c4,0x800732C4,0x8007364B,0x388
FUN_8007364c,0x8007364C,0x800737BB,0x170
FUN_800737bc,0x800737BC,0x80073B6F,0x3B4
FUN_80073b70,0x80073B70,0x800742BF,0x750
FUN_800742c0,0x800742C0,0x80074343,0x84
FUN_80074344,0x80074344,0x80074373,0x30
FUN_80074374,0x80074374,0x800743C7,0x54
FUN_800743c8,0x800743C8,0x80074487,0xC0
FUN_80074488,0x80074488,0x8007458B,0x104
FUN_8007458c,0x8007458C,0x80074687,0xFC
FUN_80074688,0x80074688,0x80074713,0x8C
FUN_80074714,0x80074714,0x800747AF,0x9C
FUN_800747b0,0x800747B0,0x80075D3F,0x1590
FUN_80075d40,0x80075D40,0x80076273,0x534
FUN_80076274,0x80076274,0x800763F3,0x180
FUN_800763f4,0x800763F4,0x800765CF,0x1DC
FUN_800765d0,0x800765D0,0x800766E3,0x114
FUN_800766e4,0x800766E4,0x800767E3,0x100
FUN_800767e4,0x800767E4,0x800767FB,0x18
FUN_800767fc,0x800767FC,0x800768EF,0xF4
FUN_800768f0,0x800768F0,0x800769DF,0xF0
FUN_800769e0,0x800769E0,0x80076ACF,0xF0
FUN_80076ad0,0x80076AD0,0x80076B27,0x58
FUN_80076b28,0x80076B28,0x80076B3B,0x14
FUN_80076b3c,0x80076B3C,0x80076FC7,0x48C
FUN_80076fc8,0x80076FC8,0x800770FF,0x138
FUN_80077100,0x80077100,0x8007727F,0x180
FUN_80077280,0x80077280,0x8007783B,0x5BC
FUN_8007783c,0x8007783C,0x8007784F,0x14
FUN_80077850,0x80077850,0x8007792F,0xE0
FUN_80077930,0x80077930,0x80077A0F,0xE0
FUN_80077a10,0x80077A10,0x80077A83,0x74
FUN_80077a84,0x80077A84,0x80077AF7,0x74
FUN_80077af8,0x80077AF8,0x80077C8B,0x194
FUN_80077c8c,0x80077C8C,0x80077E1F,0x194
FUN_80077e20,0x80077E20,0x80077E5F,0x40
FUN_80077e60,0x80077E60,0x800783CB,0x56C
FUN_800783cc,0x800783CC,0x80078507,0x13C
FUN_80078508,0x80078508,0x800786BF,0x1B8
FUN_800786c0,0x800786C0,0x80079663,0xFA4
FUN_80079664,0x80079664,0x80079757,0xF4
FUN_80079758,0x80079758,0x8007975F,0x8
FUN_80079760,0x80079760,0x800798A3,0x144
FUN_800798a4,0x800798A4,0x800798B3,0x10
FUN_800798b4,0x800798B4,0x800799CB,0x118
FUN_800799cc,0x800799CC,0x80079D37,0x36C
FUN_80079d38,0x80079D38,0x80079D83,0x4C
FUN_80079d84,0x80079D84,0x80079E47,0xC4
FUN_80079e48,0x80079E48,0x80079EBB,0x74
FUN_80079ebc,0x80079EBC,0x80079F77,0xBC
FUN_80079f78,0x80079F78,0x80079FA7,0x30
FUN_80079ffc,0x80079FFC,0x8007A097,0x9C
FUN_8007a098,0x8007A098,0x8007A113,0x7C
FUN_8007a114,0x8007A114,0x8007A19B,0x88
FUN_8007a19c,0x8007A19C,0x8007A2FB,0x160
FUN_8007a2fc,0x8007A2FC,0x8007A36B,0x70
FUN_8007a36c,0x8007A36C,0x8007A39F,0x34
FUN_8007a3a0,0x8007A3A0,0x8007A40F,0x70
FUN_8007a410,0x8007A410,0x8007A467,0x58
FUN_8007a468,0x8007A468,0x8007A497,0x30
FUN_8007a498,0x8007A498,0x8007A573,0xDC
FUN_8007a574,0x8007A574,0x8007A593,0x20
FUN_8007a59c,0x8007A59C,0x8007A667,0xCC
FUN_8007a668,0x8007A668,0x8007A67F,0x18
FUN_8007a680,0x8007A680,0x8007A6D3,0x54
FUN_8007a6d4,0x8007A6D4,0x8007A8F7,0x224
FUN_8007a8f8,0x8007A8F8,0x8007AB3B,0x244
FUN_8007ab3c,0x8007AB3C,0x8007ABFF,0xC4
FUN_8007ac00,0x8007AC00,0x8007ACF3,0xF4
FUN_8007acf4,0x8007ACF4,0x8007AE63,0x170
FUN_8007ae64,0x8007AE64,0x8007AEA7,0x44
FUN_8007aea8,0x8007AEA8,0x8007B153,0x2AC
FUN_8007b154,0x8007B154,0x8007B223,0xD0
FUN_8007b2f8,0x8007B2F8,0x8007B3DB,0xE4
FUN_8007b3dc,0x8007B3DC,0x8007B537,0x15C
FUN_8007b538,0x8007B538,0x8007B7CF,0x298
FUN_8007b7d0,0x8007B7D0,0x8007BABF,0x2F0
FUN_8007bac0,0x8007BAC0,0x8007BF27,0x468
FUN_8007bf28,0x8007BF28,0x8007C22B,0x304
FUN_8007c22c,0x8007C22C,0x8007C5A7,0x37C
FUN_8007c5a8,0x8007C5A8,0x8007C78F,0x1E8
FUN_8007c790,0x8007C790,0x8007C8BF,0x130
FUN_8007c8c0,0x8007C8C0,0x8007C8EF,0x30
FUN_8007c8f0,0x8007C8F0,0x8007C963,0x74
FUN_8007c964,0x8007C964,0x8007C98B,0x28
FUN_8007c98c,0x8007C98C,0x8007CAF3,0x168
FUN_8007caf4,0x8007CAF4,0x8007CB8F,0x9C
FUN_8007cb90,0x8007CB90,0x8007CBE7,0x58
FUN_8007cbe8,0x8007CBE8,0x8007CC3B,0x54
FUN_8007cc3c,0x8007CC3C,0x8007CC5B,0x20
FUN_8007cc5c,0x8007CC5C,0x8007CD6F,0x114
FUN_8007d284,0x8007D284,0x8007D3C7,0x144
FUN_8007d3c8,0x8007D3C8,0x8007D50B,0x144
FUN_8007d50c,0x8007D50C,0x8007D513,0x8
FUN_8007d514,0x8007D514,0x8007D80F,0x2FC
FUN_8007d810,0x8007D810,0x8007D903,0xF4
FUN_8007d904,0x8007D904,0x8007DAB7,0x1B4
FUN_8007dab8,0x8007DAB8,0x8007DBFF,0x148
FUN_8007dc00,0x8007DC00,0x8007DCDF,0xE0
FUN_8007dce0,0x8007DCE0,0x8007E26B,0x58C
FUN_8007e26c,0x8007E26C,0x8007E463,0x1F8
FUN_8007e464,0x8007E464,0x8007E4B3,0x50
FUN_8007e4b4,0x8007E4B4,0x8007E523,0x70
FUN_8007e524,0x8007E524,0x8007E5C3,0xA0
FUN_8007e5c4,0x8007E5C4,0x8007E833,0x270
FUN_8007e834,0x8007E834,0x8007E85F,0x2C
FUN_8007e860,0x8007E860,0x8007E8C3,0x64
FUN_8007e8c4,0x8007E8C4,0x8007E90B,0x48
FUN_8007e90c,0x8007E90C,0x8007E963,0x58
FUN_8007e964,0x8007E964,0x8007E9AF,0x4C
FUN_8007e9b0,0x8007E9B0,0x8007E9FF,0x50
FUN_8007ea00,0x8007EA00,0x8007EA4B,0x4C
FUN_8007ea4c,0x8007EA4C,0x8007EAA3,0x58
FUN_8007eaa4,0x8007EAA4,0x8007EAF3,0x50
FUN_8007eaf4,0x8007EAF4,0x8007EB43,0x50
FUN_8007eb44,0x8007EB44,0x8007EB8B,0x48
FUN_8007eb8c,0x8007EB8C,0x8007EBCF,0x44
FUN_8007ebd0,0x8007EBD0,0x8007EC17,0x48
FUN_8007ec18,0x8007EC18,0x8007EC5B,0x44
FUN_8007ec5c,0x8007EC5C,0x8007ECA3,0x48
FUN_8007eca4,0x8007ECA4,0x8007ECEB,0x48
FUN_8007ecec,0x8007ECEC,0x8007ED3B,0x50
FUN_8007ed3c,0x8007ED3C,0x8007ED8B,0x50
FUN_8007ed8c,0x8007ED8C,0x8007EDCF,0x44
FUN_8007edd0,0x8007EDD0,0x8007EE27,0x58
FUN_8007ee28,0x8007EE28,0x8007EE6F,0x48
FUN_8007ee70,0x8007EE70,0x8007EEA7,0x38
FUN_8007eea8,0x8007EEA8,0x8007EF4B,0xA4
FUN_8007ef4c,0x8007EF4C,0x8007F073,0x128
FUN_8007f074,0x8007F074,0x8007F20B,0x198
FUN_8007f20c,0x8007F20C,0x8007F2E7,0xDC
FUN_8007f2e8,0x8007F2E8,0x8007F3DB,0xF4
FUN_8007f3dc,0x8007F3DC,0x8007F42F,0x54
FUN_8007f430,0x8007F430,0x8007F58F,0x160
FUN_8007f590,0x8007F590,0x8007F84B,0x2BC
FUN_8007f84c,0x8007F84C,0x8007F913,0xC8
FUN_8007f914,0x8007F914,0x8007F9C3,0xB0
FUN_8007f9c4,0x8007F9C4,0x8007FA4F,0x8C
FUN_8007fa50,0x8007FA50,0x8007FA9B,0x4C
FUN_8007fa9c,0x8007FA9C,0x8007FADF,0x44
FUN_8007fae0,0x8007FAE0,0x8007FAFF,0x20
FUN_8007fb00,0x8007FB00,0x8007FB23,0x24
FUN_8007fb24,0x8007FB24,0x8007FC07,0xE4
FUN_8007fc08,0x8007FC08,0x8007FD3F,0x138
FUN_8007fd40,0x8007FD40,0x800800F7,0x3B8
FUN_800800f8,0x800800F8,0x80080247,0x150
FUN_80080248,0x80080248,0x800802AB,0x64
FUN_800802ac,0x800802AC,0x80080303,0x58
FUN_80080304,0x80080304,0x80080357,0x54
FUN_80080358,0x80080358,0x8008048B,0x134
FUN_8008048c,0x8008048C,0x800804D7,0x4C
FUN_800804d8,0x800804D8,0x800805BF,0xE8
FUN_800805c0,0x800805C0,0x8008067F,0xC0
FUN_80080680,0x80080680,0x80080707,0x88
FUN_80080708,0x80080708,0x8008074B,0x44
FUN_8008074c,0x8008074C,0x8008078F,0x44
FUN_80080790,0x80080790,0x800807DB,0x4C
FUN_800807dc,0x800807DC,0x80080827,0x4C
FUN_80080828,0x80080828,0x8008086B,0x44
FUN_8008086c,0x8008086C,0x800808B3,0x48
FUN_800808b4,0x800808B4,0x800808FB,0x48
FUN_800808fc,0x800808FC,0x80080947,0x4C
FUN_80080948,0x80080948,0x8008098F,0x48
FUN_80080990,0x80080990,0x800809E7,0x58
FUN_800809e8,0x800809E8,0x80080A2B,0x44
FUN_80080a2c,0x80080A2C,0x80080A73,0x48
FUN_80080a74,0x80080A74,0x80080AB7,0x44
FUN_80080ab8,0x80080AB8,0x80080AFB,0x44
FUN_80080afc,0x80080AFC,0x80080B43,0x48
FUN_80080b44,0x80080B44,0x80080B87,0x44
FUN_80080b88,0x80080B88,0x80080BC7,0x40
FUN_80080bc8,0x80080BC8,0x80080C0B,0x44
FUN_80080c0c,0x80080C0C,0x80080C5B,0x50
FUN_80080c5c,0x80080C5C,0x80080CA3,0x48
FUN_80080ca4,0x80080CA4,0x80080CE7,0x44
FUN_80080ce8,0x80080CE8,0x80080D2F,0x48
FUN_80080d30,0x80080D30,0x80080D5F,0x30
FUN_80080d60,0x80080D60,0x80080E1B,0xBC
FUN_80080e1c,0x80080E1C,0x80080F03,0xE8
FUN_80080f04,0x80080F04,0x8008104F,0x14C
FUN_80081050,0x80081050,0x800810A3,0x54
FUN_800810a4,0x800810A4,0x80081357,0x2B4
FUN_80081358,0x80081358,0x8008139F,0x48
FUN_800813a0,0x800813A0,0x80081473,0xD4
FUN_80081474,0x80081474,0x8008151B,0xA8
FUN_8008151c,0x8008151C,0x80081793,0x278
FUN_80081794,0x80081794,0x800817D7,0x44
FUN_800817d8,0x800817D8,0x8008181B,0x44
FUN_8008181c,0x8008181C,0x8008185F,0x44
FUN_80081860,0x80081860,0x800818FB,0x9C
FUN_800818fc,0x800818FC,0x80081943,0x48
FUN_80081944,0x80081944,0x8008198B,0x48
FUN_8008198c,0x8008198C,0x800819D3,0x48
FUN_800819d4,0x800819D4,0x80081A1B,0x48
FUN_80081a1c,0x80081A1C,0x80081A63,0x48
FUN_80081a64,0x80081A64,0x80081AC7,0x64
FUN_80081ac8,0x80081AC8,0x80081B0B,0x44
FUN_80081b0c,0x80081B0C,0x80081B4F,0x44
FUN_80081b50,0x80081B50,0x80081BDF,0x90
FUN_80081be0,0x80081BE0,0x80081C2F,0x50
FUN_80081c30,0x80081C30,0x80081C93,0x64
FUN_80081c94,0x80081C94,0x80081D17,0x84
FUN_80081d18,0x80081D18,0x80081D97,0x80
FUN_80081d98,0x80081D98,0x80081E2F,0x98
FUN_80081e30,0x80081E30,0x80081EAF,0x80
FUN_80081eb0,0x80081EB0,0x800820FF,0x250
FUN_80082100,0x80082100,0x8008217B,0x7C
FUN_8008217c,0x8008217C,0x800821F7,0x7C
FUN_800821f8,0x800821F8,0x80082277,0x80
FUN_80082278,0x80082278,0x800822F7,0x80
FUN_800822f8,0x800822F8,0x8008238F,0x98
FUN_80082390,0x80082390,0x800823FF,0x70
FUN_80082400,0x80082400,0x800824CF,0xD0
FUN_800824d0,0x800824D0,0x800825A7,0xD8
FUN_800825a8,0x800825A8,0x8008268F,0xE8
FUN_80082690,0x80082690,0x8008289B,0x20C
FUN_8008289c,0x8008289C,0x800828CB,0x30
FUN_800828cc,0x800828CC,0x80082D73,0x4A8
FUN_80082d74,0x80082D74,0x80082FDF,0x26C
FUN_80083100,0x80083100,0x8008327F,0x180
FUN_80083280,0x80083280,0x800832BF,0x40
FUN_800832c0,0x800832C0,0x800832EF,0x30
FUN_800832f0,0x800832F0,0x8008334F,0x60
FUN_80083350,0x80083350,0x800833C7,0x78
FUN_800833c8,0x800833C8,0x80083457,0x90
FUN_80083458,0x80083458,0x8008348F,0x38
FUN_80083490,0x80083490,0x800835C3,0x134
FUN_800836cc,0x800836CC,0x80083747,0x7C
FUN_80083748,0x80083748,0x800837FF,0xB8
FUN_80083800,0x80083800,0x8008381F,0x20
FUN_80083820,0x80083820,0x8008385B,0x3C
FUN_8008385c,0x8008385C,0x80083897,0x3C
FUN_80083898,0x80083898,0x80083983,0xEC
FUN_80083984,0x80083984,0x80083D37,0x394
FUN_80083d38,0x80083D38,0x80083EEB,0x1B4
FUN_80083eec,0x80083EEC,0x800840EF,0x204
FUN_800840f0,0x800840F0,0x8008428B,0x19C
FUN_8008428c,0x8008428C,0x80084447,0x1BC
FUN_80084448,0x80084448,0x80084587,0x140
FUN_80084588,0x80084588,0x800845D3,0x4C
FUN_800845d4,0x800845D4,0x8008472B,0x150
FUN_8008472c,0x8008472C,0x8008480F,0xC4
FUN_80084810,0x80084810,0x800848C3,0xB4
FUN_800848c4,0x800848C4,0x80084983,0xC0
FUN_80084984,0x80084984,0x80084A23,0xA0
FUN_80084a24,0x80084A24,0x80084B5F,0x13C
FUN_80084b60,0x80084B60,0x80084BD3,0x74
FUN_80084bd4,0x80084BD4,0x80084C43,0x70
FUN_80084c44,0x80084C44,0x80084F5F,0x31C
FUN_80084f60,0x80084F60,0x80084FC3,0x64
FUN_80084fc4,0x80084FC4,0x800851EB,0x228
FUN_800851ec,0x800851EC,0x80085247,0x5C
FUN_80085248,0x80085248,0x800852A3,0x5C
FUN_800852a4,0x800852A4,0x80085397,0xF4
FUN_80085398,0x80085398,0x800853F3,0x5C
FUN_800853f4,0x800853F4,0x8008544F,0x5C
FUN_80085450,0x80085450,0x80085483,0x34
FUN_80085484,0x80085484,0x800854BB,0x38
FUN_800854bc,0x800854BC,0x8008554B,0x90
FUN_8008554c,0x8008554C,0x800856E7,0x194
FUN_800856e8,0x800856E8,0x80085857,0x168
FUN_80085858,0x80085858,0x800858AF,0x58
FUN_800858b0,0x800858B0,0x80085913,0x64
FUN_80085914,0x80085914,0x80085967,0x54
FUN_80085968,0x80085968,0x800859C7,0x60
FUN_800859c8,0x800859C8,0x80085AF3,0x12C
FUN_80085af4,0x80085AF4,0x80085B4F,0x5C
FUN_80085b50,0x80085B50,0x80085BB7,0x68
FUN_80085bb8,0x80085BB8,0x80085C0F,0x58
FUN_80085c10,0x80085C10,0x80085C73,0x64
FUN_80085c74,0x80085C74,0x80085D83,0x110
FUN_80085d84,0x80085D84,0x80085E6F,0xE4
FUN_80085e70,0x80085E70,0x80085EEB,0x7C
FUN_80085eec,0x80085EEC,0x80086073,0x188
FUN_80086074,0x80086074,0x80086107,0x94
FUN_80086108,0x80086108,0x80086137,0x30
FUN_80086138,0x80086138,0x8008618F,0x58
FUN_80086190,0x80086190,0x800861E3,0x54
FUN_800861e4,0x800861E4,0x80087CDF,0x1ACC
FUN_80087ce0,0x80087CE0,0x80087E1F,0x140
FUN_80087e20,0x80087E20,0x80087F2B,0xFC
FUN_80087f2c,0x80087F2C,0x80087F87,0x5C
FUN_80087f88,0x80087F88,0x80088017,0x88
FUN_80088018,0x80088018,0x80088287,0x270
FUN_80088288,0x80088288,0x800882BB,0x34
FUN_800882bc,0x800882BC,0x8008839B,0xE0
FUN_8008839c,0x8008839C,0x8008847B,0xE0
FUN_8008847c,0x8008847C,0x80088513,0x90
FUN_80088514,0x80088514,0x8008859B,0x88
FUN_8008859c,0x8008859C,0x800885CB,0x30
FUN_800885cc,0x800885CC,0x800885FB,0x30
FUN_800885fc,0x800885FC,0x800886B3,0xB8
FUN_800886b4,0x800886B4,0x80088707,0x54
FUN_80088708,0x80088708,0x800887E7,0xE0
FUN_800887e8,0x800887E8,0x80088877,0x90
FUN_80088878,0x80088878,0x800888E3,0x6C
FUN_800888e4,0x800888E4,0x8008892B,0x48
FUN_8008892c,0x8008892C,0x800889C3,0x98
FUN_800889c4,0x800889C4,0x800889F3,0x30
FUN_800889f4,0x800889F4,0x80088B2B,0x138
FUN_80088b2c,0x80088B2C,0x80088B97,0x6C
FUN_80088b98,0x80088B98,0x80088D0B,0x174
FUN_80088d0c,0x80088D0C,0x80088D7B,0x68
FUN_80088d7c,0x80088D7C,0x80088DB3,0x38
FUN_80088db4,0x80088DB4,0x80088E83,0xD0
FUN_80088e84,0x80088E84,0x800890F7,0x274
FUN_800890f8,0x800890F8,0x8008913B,0x44
FUN_8008913c,0x8008913C,0x80089233,0xF8
FUN_80089234,0x80089234,0x8008933B,0x108
FUN_8008933c,0x8008933C,0x8008990F,0x5D4
FUN_80089910,0x80089910,0x80089EA7,0x598
FUN_80089ea8,0x80089EA8,0x80089EDF,0x38
FUN_80089ee0,0x80089EE0,0x8008A507,0x628
FUN_8008a508,0x8008A508,0x8008A543,0x3C
FUN_8008a544,0x8008A544,0x8008A5F7,0xB4
FUN_8008a5f8,0x8008A5F8,0x8008A68B,0x94
FUN_8008a68c,0x8008A68C,0x8008A71F,0x94
FUN_8008a720,0x8008A720,0x8008A8A3,0x184
FUN_8008a8a4,0x8008A8A4,0x8008AAF3,0x250
FUN_8008aaf4,0x8008AAF4,0x8008AC1F,0x12C
FUN_8008ac20,0x8008AC20,0x8008AC4F,0x30
FUN_8008ac50,0x8008AC50,0x8008ADBB,0x16C
FUN_8008adbc,0x8008ADBC,0x8008ADE7,0x2C
FUN_8008ade8,0x8008ADE8,0x8008AE17,0x30
FUN_8008ae18,0x8008AE18,0x8008AF47,0x130
FUN_8008af48,0x8008AF48,0x8008B0D3,0x18C
FUN_8008b0d4,0x8008B0D4,0x8008B2DF,0x20C
FUN_8008b2e0,0x8008B2E0,0x8008B74F,0x458
FUN_8008b750,0x8008B750,0x8008B9DF,0x290
FUN_8008b9e0,0x8008B9E0,0x8008C127,0x748
FUN_8008c128,0x8008C128,0x8008C60B,0x4E4
FUN_8008c60c,0x8008C60C,0x8008C997,0x38C
FUN_8008c998,0x8008C998,0x8008CAF3,0x15C
FUN_8008caf4,0x8008CAF4,0x8008CC27,0x134
FUN_8008cc28,0x8008CC28,0x8008CCFB,0xD4
FUN_8008ccfc,0x8008CCFC,0x8008CD33,0x38
FUN_8008cd34,0x8008CD34,0x8008CDBF,0x8C
FUN_8008cdc0,0x8008CDC0,0x8008CF13,0x154
FUN_8008cf14,0x8008CF14,0x8008D06F,0x15C
FUN_8008d070,0x8008D070,0x8008D20F,0x1A0
FUN_8008d210,0x8008D210,0x8008D697,0x488
FUN_8008d698,0x8008D698,0x8008D70B,0x74
FUN_8008d70c,0x8008D70C,0x8008D77B,0x70
FUN_8008d77c,0x8008D77C,0x8008DC17,0x49C
FUN_8008dc18,0x8008DC18,0x8008DC8B,0x74
FUN_8008dc8c,0x8008DC8C,0x8008DCFB,0x70
FUN_8008dcfc,0x8008DCFC,0x8008DD4F,0x54
FUN_8008dd50,0x8008DD50,0x8008DE37,0xE8
FUN_8008de38,0x8008DE38,0x8008E41B,0x5DC
FUN_8008e41c,0x8008E41C,0x8008E477,0x5C
FUN_8008e478,0x8008E478,0x8008E4D3,0x5C
FUN_8008e4d4,0x8008E4D4,0x8008E503,0x30
FUN_8008e504,0x8008E504,0x8008E93F,0x43C
FUN_8008e940,0x8008E940,0x8008EC3B,0x2FC
FUN_8008ec3c,0x8008EC3C,0x8008EC87,0x4C
FUN_8008ec88,0x8008EC88,0x8008ECD3,0x4C
FUN_8008ecd4,0x8008ECD4,0x8008EEB3,0x1E0
FUN_8008eeb4,0x8008EEB4,0x8008EF07,0x54
FUN_8008ef08,0x8008EF08,0x8008EF5B,0x54
FUN_8008ef5c,0x8008EF5C,0x8008F0F3,0x198
FUN_8008f0f4,0x8008F0F4,0x8008F147,0x54
FUN_8008f148,0x8008F148,0x8008F19B,0x54
FUN_8008f19c,0x8008F19C,0x8008F1D3,0x38
FUN_8008f1d4,0x8008F1D4,0x8008F223,0x50
FUN_8008f224,0x8008F224,0x8008F3BF,0x19C
FUN_8008f3c0,0x8008F3C0,0x8008F4EF,0x130
FUN_8008f4f0,0x8008F4F0,0x8008F5CB,0xDC
FUN_8008f5cc,0x8008F5CC,0x8008F657,0x8C
FUN_8008f658,0x8008F658,0x8008F6F7,0xA0
FUN_8008f6f8,0x8008F6F8,0x8008FA6B,0x374
FUN_8008fa6c,0x8008FA6C,0x8008FB4B,0xE0
FUN_8008fb4c,0x8008FB4C,0x8008FC83,0x138
FUN_8008fc84,0x8008FC84,0x8008FD67,0xE4
FUN_8008fd68,0x8008FD68,0x8008FE5B,0xF4
FUN_8008fe5c,0x8008FE5C,0x8008FF8B,0x130
FUN_8008ff8c,0x8008FF8C,0x8009003B,0xB0
FUN_8009003c,0x8009003C,0x8009007B,0x40
FUN_80090120,0x80090120,0x8009013F,0x20
FUN_80090140,0x80090140,0x8009015F,0x20
FUN_80090160,0x80090160,0x80090183,0x24
FUN_80090184,0x80090184,0x800901B7,0x34
FUN_800901b8,0x800901B8,0x800901EB,0x34
FUN_800901ec,0x800901EC,0x8009027B,0x90
FUN_8009027c,0x8009027C,0x80090617,0x39C
FUN_80090618,0x80090618,0x80090697,0x80
FUN_80090698,0x80090698,0x800906C3,0x2C
FUN_800906c4,0x800906C4,0x80090713,0x50
FUN_80090714,0x80090714,0x80090753,0x40
FUN_80090754,0x80090754,0x8009077B,0x28
FUN_8009077c,0x8009077C,0x800907F3,0x78
FUN_800907f4,0x800907F4,0x80090843,0x50
FUN_80090844,0x80090844,0x80090917,0xD4
FUN_80090918,0x80090918,0x800909AF,0x98
FUN_800909b0,0x800909B0,0x800909CF,0x20
FUN_800909d0,0x800909D0,0x80090A17,0x48
FUN_80090a18,0x80090A18,0x80090A37,0x20
FUN_80090a38,0x80090A38,0x80090A87,0x50
FUN_80090a88,0x80090A88,0x80090AFF,0x78
FUN_80090ce4,0x80090CE4,0x80090D27,0x44
FUN_80090d28,0x80090D28,0x80090D3F,0x18
FUN_80090d40,0x80090D40,0x80090D5F,0x20
FUN_80090d60,0x80090D60,0x80090D83,0x24
FUN_80090d84,0x80090D84,0x80090D8F,0xC
FUN_80090d9c,0x80090D9C,0x80090DA7,0xC
FUN_80090dbc,0x80090DBC,0x80090DCF,0x14
FUN_80090dd0,0x80090DD0,0x80090DE3,0x14
FUN_80090de4,0x80090DE4,0x80090E17,0x34
FUN_80090e18,0x80090E18,0x80090E6F,0x58
FUN_80090e70,0x80090E70,0x80090E8F,0x20
FUN_80090e90,0x80090E90,0x80090F2B,0x9C
FUN_80090f2c,0x80090F2C,0x80090F4B,0x20
FUN_80090f4c,0x80090F4C,0x80090F6B,0x20
FUN_80090f6c,0x80090F6C,0x8009112F,0x1C4
FUN_80091130,0x80091130,0x80091163,0x34
FUN_80091174,0x80091174,0x80091183,0x10
FUN_80091184,0x80091184,0x80091223,0xA0
FUN_80091224,0x80091224,0x80091267,0x44
FUN_80091268,0x80091268,0x800913BB,0x154
FUN_800913bc,0x800913BC,0x80091453,0x98
FUN_80091454,0x80091454,0x8009146B,0x18
FUN_8009146c,0x8009146C,0x800914D7,0x6C
FUN_800914d8,0x800914D8,0x8009167B,0x1A4
FUN_8009167c,0x8009167C,0x800916B3,0x38
FUN_800916b4,0x800916B4,0x8009186F,0x1BC
FUN_80091870,0x80091870,0x800919BF,0x150
FUN_800919c0,0x800919C0,0x80091C07,0x248
FUN_80091c08,0x80091C08,0x80091DDF,0x1D8
FUN_80091de0,0x80091DE0,0x80091E1B,0x3C
FUN_80091e1c,0x80091E1C,0x80091E53,0x38
FUN_80091e54,0x80091E54,0x80091E7F,0x2C
FUN_80091e80,0x80091E80,0x80091F63,0xE4
FUN_80091f64,0x80091F64,0x8009209B,0x130
FUN_8009209c,0x8009209C,0x800920CB,0x30
FUN_800920cc,0x800920CC,0x8009212B,0x60
FUN_8009212c,0x8009212C,0x800921C3,0x98
FUN_800921c4,0x800921C4,0x800922DB,0x110
FUN_800922dc,0x800922DC,0x80092793,0x4B8
FUN_80092794,0x80092794,0x80092A1F,0x284
FUN_80092a20,0x80092A20,0x80092B73,0x154
FUN_80092b74,0x80092B74,0x80092C7B,0x108
FUN_80092c7c,0x80092C7C,0x80092CBB,0x40
FUN_80092cbc,0x80092CBC,0x80092D73,0xB8
FUN_80092d74,0x80092D74,0x80092F3F,0x1CC
FUN_80092f40,0x80092F40,0x800930D7,0x198
FUN_800930d8,0x800930D8,0x800935C3,0x4E4
FUN_800935c4,0x800935C4,0x80093693,0xD0
FUN_80093694,0x80093694,0x80093733,0xA0
FUN_80093734,0x80093734,0x800938A7,0x174
FUN_800938a8,0x800938A8,0x80093D93,0x4EC
FUN_80093d94,0x80093D94,0x80093DD3,0x40
FUN_80093dd4,0x80093DD4,0x80093E7B,0xA8
FUN_80093e7c,0x80093E7C,0x80093EC3,0x48
FUN_80093ec4,0x80093EC4,0x80093EE7,0x24
FUN_80093ee8,0x80093EE8,0x80093F6F,0x88
FUN_80093f70,0x80093F70,0x80093F87,0x18
FUN_80093f88,0x80093F88,0x80093FCB,0x44
FUN_80093fcc,0x80093FCC,0x80094003,0x38
FUN_80094004,0x80094004,0x8009403B,0x38
FUN_8009403c,0x8009403C,0x8009405B,0x20
FUN_8009405c,0x8009405C,0x8009407B,0x20
FUN_8009407c,0x8009407C,0x800941A7,0x12C
FUN_800941a8,0x800941A8,0x800941C7,0x20
FUN_800941c8,0x800941C8,0x800941E7,0x20
FUN_800941e8,0x800941E8,0x8009421B,0x34
FUN_8009421c,0x8009421C,0x8009423B,0x20
FUN_8009423c,0x8009423C,0x8009425B,0x20
FUN_8009425c,0x8009425C,0x80094347,0xEC
FUN_80094348,0x80094348,0x8009443F,0xF8
FUN_80094440,0x80094440,0x8009446B,0x2C
FUN_8009446c,0x8009446C,0x8009449F,0x34
FUN_800944a0,0x800944A0,0x800944F3,0x54
FUN_800944f4,0x800944F4,0x8009453F,0x4C
FUN_80094540,0x80094540,0x800946A3,0x164
FUN_800946b8,0x800946B8,0x80094827,0x170
psx_entry_80094828,0x80094828,0x800948CF,0xA8
FUN_800948d0,0x800948D0,0x8009493F,0x70
FUN_80094940,0x80094940,0x800949A7,0x68
FUN_800949a8,0x800949A8,0x800949CF,0x28
FUN_800949d0,0x800949D0,0x8009502B,0x65C
FUN_8009502c,0x8009502C,0x800950BF,0x94
FUN_800950c0,0x800950C0,0x800951AF,0xF0
FUN_8009530c,0x8009530C,0x8009581B,0x510
FUN_8009581c,0x8009581C,0x80095CEB,0x4D0
FUN_80095d5c,0x80095D5C,0x80095DD3,0x78
FUN_80095dd4,0x80095DD4,0x80095E17,0x44
FUN_80095ea4,0x80095EA4,0x800963BF,0x51C
FUN_800963c0,0x800963C0,0x800966F3,0x334
FUN_800966f4,0x800966F4,0x80096893,0x1A0
FUN_80096894,0x80096894,0x80096A73,0x1E0
FUN_80096a74,0x80096A74,0x80096D1B,0x2A8
FUN_80096d1c,0x80096D1C,0x80096DA3,0x88
FUN_80096da4,0x80096DA4,0x80096E0B,0x68
FUN_80096e0c,0x80096E0C,0x80096E53,0x48
FUN_80096e54,0x80096E54,0x80096EF7,0xA4
FUN_80096f34,0x80096F34,0x800972C7,0x394
FUN_800972c8,0x800972C8,0x800972EB,0x24
FUN_800972ec,0x800972EC,0x80097487,0x19C
FUN_80097488,0x80097488,0x8009754F,0xC8
FUN_80097550,0x80097550,0x800975D3,0x84
FUN_800975d4,0x800975D4,0x800975F7,0x24
FUN_800975f8,0x800975F8,0x80097673,0x7C
FUN_80097674,0x80097674,0x80097697,0x24
FUN_80097698,0x80097698,0x8009770F,0x78
FUN_80097710,0x80097710,0x80097733,0x24
FUN_80097734,0x80097734,0x80097777,0x44
FUN_80097778,0x80097778,0x80097797,0x20
FUN_80097798,0x80097798,0x80097867,0xD0
FUN_80097868,0x80097868,0x800978A7,0x40
FUN_800978a8,0x800978A8,0x80097923,0x7C
FUN_80097924,0x80097924,0x800979CB,0xA8
FUN_800979cc,0x800979CC,0x80097A1F,0x54
FUN_80097a20,0x80097A20,0x80097A53,0x34
FUN_80097a54,0x80097A54,0x80097A8F,0x3C
FUN_80097a90,0x80097A90,0x80097AEF,0x60
FUN_80097af0,0x80097AF0,0x80097B0F,0x20
FUN_80097b10,0x80097B10,0x80097C3F,0x130
FUN_80097c40,0x80097C40,0x80097CB7,0x78
FUN_80097cb8,0x80097CB8,0x80097F7F,0x2C8
FUN_80097f80,0x80097F80,0x80097FCF,0x50
FUN_80097fd0,0x80097FD0,0x800982CF,0x300
FUN_800982d0,0x800982D0,0x80098383,0xB4
FUN_80098384,0x80098384,0x8009838F,0xC
FUN_80098394,0x80098394,0x800983A3,0x10
FUN_800983a4,0x800983A4,0x800983AF,0xC
FUN_800983b4,0x800983B4,0x8009844F,0x9C
FUN_80098488,0x80098488,0x800984BB,0x34
FUN_80098524,0x80098524,0x8009852F,0xC
FUN_80098534,0x80098534,0x8009853F,0xC
FUN_80098544,0x80098544,0x8009854F,0xC
FUN_80098554,0x80098554,0x8009855F,0xC
FUN_80098564,0x80098564,0x8009856F,0xC
FUN_80098574,0x80098574,0x8009857F,0xC
FUN_80098584,0x80098584,0x8009858F,0xC
FUN_80098594,0x80098594,0x800985A3,0x10
FUN_800985a4,0x800985A4,0x800985AF,0xC
FUN_800985b4,0x800985B4,0x800985CB,0x18
FUN_800985cc,0x800985CC,0x800985DB,0x10
FUN_800985dc,0x800985DC,0x8009860B,0x30
FUN_8009860c,0x8009860C,0x8009863B,0x30
FUN_8009863c,0x8009863C,0x8009866B,0x30
FUN_8009866c,0x8009866C,0x8009869B,0x30
FUN_8009869c,0x8009869C,0x800986CB,0x30
FUN_800986cc,0x800986CC,0x800986DF,0x14
FUN_800986f8,0x800986F8,0x80098713,0x1C
FUN_80098714,0x80098714,0x800987D3,0xC0
FUN_800987d4,0x800987D4,0x800989C7,0x1F4
FUN_800989c8,0x800989C8,0x80098AEF,0x128
FUN_80098af0,0x80098AF0,0x80098B57,0x68
FUN_80098b58,0x80098B58,0x80098B83,0x2C
FUN_80098b84,0x80098B84,0x80098B8F,0xC
FUN_80098b94,0x80098B94,0x80098B9F,0xC
FUN_80098ba4,0x80098BA4,0x80098BAF,0xC
FUN_80098bb4,0x80098BB4,0x80098C17,0x64
FUN_80098c18,0x80098C18,0x80098C5F,0x48
FUN_80098c60,0x80098C60,0x80098DC3,0x164
FUN_80098dc4,0x80098DC4,0x80098ECB,0x108
FUN_80098ecc,0x80098ECC,0x80098EF7,0x2C
FUN_80098ef8,0x80098EF8,0x80098F6F,0x78
FUN_80098f70,0x80098F70,0x80098FA7,0x38
FUN_8009902c,0x8009902C,0x80099057,0x2C
FUN_80099058,0x80099058,0x800991AF,0x158
FUN_800992c4,0x800992C4,0x8009932F,0x6C
FUN_800993dc,0x800993DC,0x800993EB,0x10
FUN_800993fc,0x800993FC,0x80099457,0x5C
FUN_80099458,0x80099458,0x800994F3,0x9C
FUN_800994f4,0x800994F4,0x8009955F,0x6C
FUN_80099560,0x80099560,0x80099687,0x128
FUN_80099688,0x80099688,0x8009971B,0x94
FUN_8009971c,0x8009971C,0x8009977F,0x64
FUN_80099780,0x80099780,0x800997E3,0x64
FUN_800997e4,0x800997E4,0x800998A7,0xC4
FUN_80099960,0x80099960,0x800999F7,0x98
FUN_800999f8,0x800999F8,0x80099A57,0x60
FUN_80099a58,0x80099A58,0x80099ACB,0x74
FUN_80099acc,0x80099ACC,0x80099B8F,0xC4
FUN_80099b90,0x80099B90,0x80099C6B,0xDC
FUN_80099c6c,0x80099C6C,0x80099CA3,0x38
FUN_80099ca4,0x80099CA4,0x8009A153,0x4B0
FUN_8009a154,0x8009A154,0x8009A18B,0x38
FUN_8009a18c,0x8009A18C,0x8009A1BF,0x34
FUN_8009a1c0,0x8009A1C0,0x8009A1FB,0x3C
FUN_8009a1fc,0x8009A1FC,0x8009A27F,0x84
FUN_8009a280,0x8009A280,0x8009A2C3,0x44
FUN_8009a2ec,0x8009A2EC,0x8009A343,0x58
FUN_8009a344,0x8009A344,0x8009A5E7,0x2A4
FUN_8009a5e8,0x8009A5E8,0x8009A643,0x5C
FUN_8009a644,0x8009A644,0x8009A70F,0xCC
FUN_8009a710,0x8009A710,0x8009A7DB,0xCC
FUN_8009a7dc,0x8009A7DC,0x8009A823,0x48
FUN_8009a824,0x8009A824,0x8009A8A7,0x84
FUN_8009a8a8,0x8009A8A8,0x8009A963,0xBC
FUN_8009a964,0x8009A964,0x8009A97B,0x18
FUN_8009a97c,0x8009A97C,0x8009AA63,0xE8
FUN_8009aa64,0x8009AA64,0x8009AC7B,0x218
FUN_8009ac7c,0x8009AC7C,0x8009AECF,0x254
FUN_8009aed0,0x8009AED0,0x8009B16B,0x29C
FUN_8009b16c,0x8009B16C,0x8009B193,0x28
FUN_8009b1a8,0x8009B1A8,0x8009B1F7,0x50
FUN_8009b1f8,0x8009B1F8,0x8009B243,0x4C
FUN_8009b244,0x8009B244,0x8009B273,0x30
FUN_8009b274,0x8009B274,0x8009B297,0x24
FUN_8009b298,0x8009B298,0x8009B57B,0x2E4
FUN_8009b57c,0x8009B57C,0x8009B877,0x2FC
FUN_8009b878,0x8009B878,0x8009B9B3,0x13C
FUN_8009b9b4,0x8009B9B4,0x8009BAFB,0x148
FUN_8009bafc,0x8009BAFC,0x8009BB2F,0x34
FUN_8009bb30,0x8009BB30,0x8009BC9B,0x16C
FUN_8009bc9c,0x8009BC9C,0x8009BD77,0xDC
FUN_8009bd78,0x8009BD78,0x8009BDA3,0x2C
FUN_8009bda4,0x8009BDA4,0x8009BDAF,0xC
FUN_8009bdb4,0x8009BDB4,0x8009BEFB,0x148
FUN_8009befc,0x8009BEFC,0x8009BF97,0x9C
FUN_8009bf98,0x8009BF98,0x8009C05F,0xC8
FUN_8009c060,0x8009C060,0x8009C077,0x18
FUN_8009c078,0x8009C078,0x8009C147,0xD0
FUN_8009c148,0x8009C148,0x8009C187,0x40
FUN_8009c1c0,0x8009C1C0,0x8009C1FB,0x3C
FUN_8009c1fc,0x8009C1FC,0x8009C237,0x3C
FUN_8009c238,0x8009C238,0x8009C25B,0x24
FUN_8009c274,0x8009C274,0x8009C29B,0x28
FUN_8009c314,0x8009C314,0x8009C327,0x14
FUN_8009c328,0x8009C328,0x8009C33B,0x14
FUN_8009c33c,0x8009C33C,0x8009C34F,0x14
FUN_8009c3f0,0x8009C3F0,0x8009C403,0x14
FUN_8009c4c8,0x8009C4C8,0x8009C57B,0xB4
FUN_8009c618,0x8009C618,0x8009C797,0x180
FUN_8009c798,0x8009C798,0x8009C843,0xAC
FUN_8009c844,0x8009C844,0x8009C92F,0xEC
FUN_8009c930,0x8009C930,0x8009C997,0x68
FUN_8009c998,0x8009C998,0x8009C9FF,0x68
FUN_8009ca00,0x8009CA00,0x8009CACF,0xD0
FUN_8009cad0,0x8009CAD0,0x8009CB0B,0x3C
FUN_8009cb0c,0x8009CB0C,0x8009CB17,0xC
FUN_8009cb1c,0x8009CB1C,0x8009CB27,0xC
FUN_8009cb2c,0x8009CB2C,0x8009CB37,0xC
FUN_8009cb3c,0x8009CB3C,0x8009CB47,0xC
FUN_8009cb4c,0x8009CB4C,0x8009CB57,0xC
FUN_8009cb5c,0x8009CB5C,0x8009CB67,0xC
FUN_8009cb6c,0x8009CB6C,0x8009CB77,0xC
FUN_8009cb7c,0x8009CB7C,0x8009D8F3,0xD24
FUN_8009d8fc,0x8009D8FC,0x8009D907,0xC
FUN_8009d90c,0x8009D90C,0x8009D917,0xC
FUN_8009d91c,0x8009D91C,0x8009D927,0xC
FUN_8009d92c,0x8009D92C,0x8009D937,0xC
FUN_8009d93c,0x8009D93C,0x8009D947,0xC
FUN_8009d94c,0x8009D94C,0x8009D9DB,0x90
FUN_8009d9dc,0x8009D9DC,0x8009DA03,0x28
FUN_8009da04,0x8009DA04,0x8009DA2B,0x28
FUN_8009da2c,0x8009DA2C,0x8009DA53,0x28
FUN_8009da54,0x8009DA54,0x8009DA63,0x10
FUN_8009da64,0x8009DA64,0x8009DA73,0x10
FUN_8009da84,0x8009DA84,0x8009DA93,0x10
FUN_8009da94,0x8009DA94,0x8009DAFF,0x6C
FUN_8009db00,0x8009DB00,0x8009DB1F,0x20
FUN_8009db20,0x8009DB20,0x8009DB37,0x18
FUN_8009dba0,0x8009DBA0,0x8009DBBF,0x20
FUN_8009dbc0,0x8009DBC0,0x8009DBDF,0x20
FUN_8009dbe0,0x8009DBE0,0x8009DBF7,0x18
FUN_8009dbf8,0x8009DBF8,0x8009DC0F,0x18
FUN_8009dc10,0x8009DC10,0x8009DD47,0x138
FUN_8009dd48,0x8009DD48,0x8009DE73,0x12C
FUN_8009de74,0x8009DE74,0x8009DFB7,0x144
FUN_8009dfb8,0x8009DFB8,0x8009DFDB,0x24
FUN_8009dfdc,0x8009DFDC,0x8009DFFF,0x24
FUN_8009e000,0x8009E000,0x8009E023,0x24
FUN_8009e024,0x8009E024,0x8009E043,0x20
FUN_8009e044,0x8009E044,0x8009E147,0x104
FUN_8009e148,0x8009E148,0x8009E1C7,0x80
FUN_8009e1c8,0x8009E1C8,0x8009E73F,0x578
FUN_8009e740,0x8009E740,0x8009E9BF,0x280
FUN_8009e9c0,0x8009E9C0,0x8009EC8B,0x2CC
FUN_8009ec8c,0x8009EC8C,0x8009F0D3,0x448
FUN_8009f0d4,0x8009F0D4,0x8009F15B,0x88
FUN_8009f15c,0x8009F15C,0x8009F23B,0xE0
FUN_8009f23c,0x8009F23C,0x8009F32F,0xF4
FUN_8009f330,0x8009F330,0x8009F37F,0x50
FUN_8009f380,0x8009F380,0x8009F56B,0x1EC
FUN_8009f56c,0x8009F56C,0x8009F6D7,0x16C
FUN_8009f6d8,0x8009F6D8,0x8009F7D7,0x100
FUN_8009f7e8,0x8009F7E8,0x8009F8C7,0xE0
FUN_8009f8c8,0x8009F8C8,0x8009F8D3,0xC
FUN_8009f8d8,0x8009F8D8,0x8009F92F,0x58
FUN_8009f930,0x8009F930,0x8009F9C3,0x94
FUN_8009f9c4,0x8009F9C4,0x8009F9E3,0x20
FUN_8009f9e4,0x8009F9E4,0x8009FA6B,0x88
FUN_8009fa6c,0x8009FA6C,0x8009FA8F,0x24
FUN_8009fa90,0x8009FA90,0x8009FCB3,0x224
FUN_8009fcb4,0x8009FCB4,0x8009FED7,0x224
FUN_8009fed8,0x8009FED8,0x800A00AF,0x1D8
FUN_800a00b0,0x800A00B0,0x800A01B7,0x108
FUN_800a01b8,0x800A01B8,0x800A0283,0xCC
FUN_800a0284,0x800A0284,0x800A029B,0x18
FUN_800a029c,0x800A029C,0x800A0C0B,0x970
FUN_800a0c0c,0x800A0C0C,0x800A0C3F,0x34
FUN_800a0c40,0x800A0C40,0x800A0DFB,0x1BC
FUN_800a0dfc,0x800A0DFC,0x800A0E3B,0x40
FUN_800a0e3c,0x800A0E3C,0x800A0E5B,0x20
FUN_800a0e5c,0x800A0E5C,0x800A0E8B,0x30
FUN_800a0e8c,0x800A0E8C,0x800A0EEB,0x60
FUN_800a0eec,0x800A0EEC,0x800A0FAF,0xC4
FUN_800a0fb0,0x800A0FB0,0x800A103F,0x90
FUN_800a1040,0x800A1040,0x800A109F,0x60
FUN_800a10a0,0x800A10A0,0x800A115B,0xBC
FUN_800a115c,0x800A115C,0x800A1193,0x38
FUN_800a1220,0x800A1220,0x800A12BB,0x9C
FUN_800a12c8,0x800A12C8,0x800A1343,0x7C
FUN_800a1344,0x800A1344,0x800A1363,0x20
FUN_800a1364,0x800A1364,0x800A1383,0x20
FUN_800a1384,0x800A1384,0x800A13A3,0x20
FUN_800a13a4,0x800A13A4,0x800A13C7,0x24
FUN_800a13c8,0x800A13C8,0x800A13EB,0x24
FUN_800a13ec,0x800A13EC,0x800A14E7,0xFC
FUN_800a14e8,0x800A14E8,0x800A157B,0x94
FUN_800a157c,0x800A157C,0x800A160B,0x90
FUN_800a160c,0x800A160C,0x800A16A3,0x98
FUN_800a16a4,0x800A16A4,0x800A173B,0x98
FUN_800a173c,0x800A173C,0x800A186B,0x130
FUN_800a18a0,0x800A18A0,0x800A1BDF,0x340
FUN_800a1c04,0x800A1C04,0x800A1C1B,0x18
FUN_800a1c1c,0x800A1C1C,0x800A1C8F,0x74
FUN_800a1c90,0x800A1C90,0x800A1CCB,0x3C
FUN_800a1ccc,0x800A1CCC,0x800A2B2F,0xE60
FUN_800a2b30,0x800A2B30,0x800A2BA3,0x74
FUN_800a2bec,0x800A2BEC,0x800A2C1F,0x34
FUN_800a2c20,0x800A2C20,0x800A2CC7,0xA8
FUN_800a2cc8,0x800A2CC8,0x800A2CE7,0x20
FUN_800a2ce8,0x800A2CE8,0x800A2D67,0x80
FUN_800a2d68,0x800A2D68,0x800A2DAB,0x44
FUN_800a2dac,0x800A2DAC,0x800A2DBB,0x10
FUN_800a2dbc,0x800A2DBC,0x800A2DC7,0xC
FUN_800a2dc8,0x800A2DC8,0x800A2DE7,0x20
FUN_800a2de8,0x800A2DE8,0x800A2E07,0x20
FUN_800a2e08,0x800A2E08,0x800A2E27,0x20
FUN_800a2e34,0x800A2E34,0x800A2E3F,0xC
FUN_800a2e44,0x800A2E44,0x800A2E4F,0xC
FUN_800a2e54,0x800A2E54,0x800A2E5F,0xC
FUN_800a2e64,0x800A2E64,0x800A2E6F,0xC
FUN_800a2ea0,0x800A2EA0,0x800A2EBF,0x20
FUN_800a2ec0,0x800A2EC0,0x800A2EF3,0x34
FUN_800a2ef4,0x800A2EF4,0x800A2F57,0x64
FUN_800a2f58,0x800A2F58,0x800A3003,0xAC
FUN_800a3004,0x800A3004,0x800A3023,0x20
FUN_800a3024,0x800A3024,0x800A3073,0x50
FUN_800a3074,0x800A3074,0x800A31EF,0x17C
FUN_800a31f0,0x800A31F0,0x800A3223,0x34
FUN_800a3224,0x800A3224,0x800A3363,0x140
FUN_800a3364,0x800A3364,0x800A33FF,0x9C
FUN_800a3400,0x800A3400,0x800A34D7,0xD8
FUN_800a34d8,0x800A34D8,0x800A34E3,0xC
FUN_800a34e8,0x800A34E8,0x800A35A7,0xC0
FUN_800a35a8,0x800A35A8,0x800A35D7,0x30
FUN_800a35d8,0x800A35D8,0x800A364B,0x74
FUN_800a364c,0x800A364C,0x800A3673,0x28
FUN_800a3674,0x800A3674,0x800A37CB,0x158
FUN_800a37cc,0x800A37CC,0x800A37EF,0x24
FUN_800a37f0,0x800A37F0,0x800A380F,0x20
FUN_800a3810,0x800A3810,0x800A388F,0x80
FUN_800a3890,0x800A3890,0x800A38EF,0x60
FUN_800a38f0,0x800A38F0,0x800A397F,0x90
FUN_800a3980,0x800A3980,0x800A399F,0x20
FUN_800a39a0,0x800A39A0,0x800A3A13,0x74
FUN_800a3a14,0x800A3A14,0x800A3A1F,0xC
FUN_800a3a24,0x800A3A24,0x800A3A2F,0xC
FUN_800a3a34,0x800A3A34,0x800A3A3F,0xC
FUN_800a3a44,0x800A3A44,0x800A3A4F,0xC
FUN_800a3a54,0x800A3A54,0x800A3A5F,0xC
FUN_800a3a64,0x800A3A64,0x800A3A6F,0xC
FUN_800a3a74,0x800A3A74,0x800A3A77,0x4
FUN_800a3a78,0x800A3A78,0x800A3BB7,0x140
FUN_800a3bb8,0x800A3BB8,0x800A3BF7,0x40
FUN_800a3bf8,0x800A3BF8,0x800A3C5F,0x64
FUN_800a3c60,0x800A3C60,0x800A3CDB,0x7C
FUN_800a3cdc,0x800A3CDC,0x800A3D5F,0x84
FUN_800a3d60,0x800A3D60,0x800A3E1F,0xC0
FUN_800a3e20,0x800A3E20,0x800A3E37,0x18
FUN_800a3e38,0x800A3E38,0x800A3E47,0x10
FUN_800a3e48,0x800A3E48,0x800A3E6B,0x24
FUN_800a3e6c,0x800A3E6C,0x800A3E9B,0x30
FUN_800a3e9c,0x800A3E9C,0x800A3EC3,0x28
FUN_800a3ec4,0x800A3EC4,0x800A3EEB,0x28
FUN_800a3eec,0x800A3EEC,0x800A3F1B,0x30
FUN_800a3f1c,0x800A3F1C,0x800A3F4F,0x34
FUN_800a3f50,0x800A3F50,0x800A3F77,0x28
FUN_800a3f78,0x800A3F78,0x800A3FDF,0x68
FUN_800a3fe0,0x800A3FE0,0x800A3FEB,0xC
FUN_800a3fec,0x800A3FEC,0x800A4013,0x28
FUN_800a4014,0x800A4014,0x800A403B,0x28
FUN_800a4048,0x800A4048,0x800A405B,0x14
FUN_800a405c,0x800A405C,0x800A4067,0xC
FUN_800a4088,0x800A4088,0x800A408F,0x8
FUN_800a4090,0x800A4090,0x800A416F,0xE0
FUN_800a4170,0x800A4170,0x800A41BB,0x4C
FUN_800a41bc,0x800A41BC,0x800A42CF,0x114
FUN_800a4364,0x800A4364,0x800A43E7,0x84
FUN_800a43e8,0x800A43E8,0x800A44D3,0xEC
FUN_800a44d4,0x800A44D4,0x800A450B,0x38
FUN_800a450c,0x800A450C,0x800A464B,0x140
FUN_800a464c,0x800A464C,0x800A4743,0xF8
FUN_800a4744,0x800A4744,0x800A4763,0x20
FUN_800a4764,0x800A4764,0x800A4783,0x20
FUN_800a4784,0x800A4784,0x800A482F,0xAC
FUN_800a4830,0x800A4830,0x800A4843,0x14
FUN_800a4844,0x800A4844,0x800A485B,0x18
FUN_800a485c,0x800A485C,0x800A4863,0x8
FUN_800a4864,0x800A4864,0x800A5477,0xC14
FUN_800a5478,0x800A5478,0x800A54BB,0x44
FUN_800a54bc,0x800A54BC,0x800A54FB,0x40
FUN_800a54fc,0x800A54FC,0x800A554B,0x50
FUN_800a554c,0x800A554C,0x800A55F3,0xA8
FUN_800a55f4,0x800A55F4,0x800A5613,0x20
FUN_800a5614,0x800A5614,0x800A5633,0x20
FUN_800a5634,0x800A5634,0x800A5637,0x4
FUN_800a5638,0x800A5638,0x800A569F,0x68
FUN_800a56a0,0x800A56A0,0x800A56F7,0x58
FUN_800a56f8,0x800A56F8,0x800A575B,0x64
FUN_800a575c,0x800A575C,0x800A57C3,0x68
FUN_800a5800,0x800A5800,0x800A580B,0xC
FUN_800a5810,0x800A5810,0x800A581F,0x10
FUN_800a5820,0x800A5820,0x800A584B,0x2C
FUN_800a584c,0x800A584C,0x800A587F,0x34
FUN_800a5880,0x800A5880,0x800A58A7,0x28
FUN_800a58a8,0x800A58A8,0x800A58D7,0x30
FUN_800a58d8,0x800A58D8,0x800A58FF,0x28
FUN_800a5900,0x800A5900,0x800A592F,0x30
FUN_800a5930,0x800A5930,0x800A596F,0x40
FUN_800a5970,0x800A5970,0x800A5B7B,0x20C
FUN_800a5b7c,0x800A5B7C,0x800A5CAB,0x130
FUN_800a5cac,0x800A5CAC,0x800A5D4B,0xA0
FUN_800a5d4c,0x800A5D4C,0x800A5DCB,0x80
FUN_800a5dcc,0x800A5DCC,0x800A5E17,0x4C
FUN_800a5e18,0x800A5E18,0x800A5E93,0x7C
FUN_800a5e94,0x800A5E94,0x800A5F07,0x74
FUN_800a5f08,0x800A5F08,0x800A5F7B,0x74
FUN_800a5f7c,0x800A5F7C,0x800A5FD3,0x58
FUN_800a5fd4,0x800A5FD4,0x800A6043,0x70
FUN_800a6044,0x800A6044,0x800A60B3,0x70
FUN_800a60b4,0x800A60B4,0x800A6123,0x70
FUN_800a6124,0x800A6124,0x800A6177,0x54
FUN_800a6178,0x800A6178,0x800A61DF,0x68
FUN_800a61e0,0x800A61E0,0x800A625F,0x80
FUN_800a6260,0x800A6260,0x800A62E7,0x88
FUN_800a62e8,0x800A62E8,0x800A651B,0x234
FUN_800a651c,0x800A651C,0x800A65B3,0x98
FUN_800a65b4,0x800A65B4,0x800A6627,0x74
FUN_800a6628,0x800A6628,0x800A665B,0x34
FUN_800a665c,0x800A665C,0x800A66D7,0x7C
FUN_800a66d8,0x800A66D8,0x800A6737,0x60
FUN_800a6738,0x800A6738,0x800A67A7,0x70
FUN_800a67a8,0x800A67A8,0x800A67D3,0x2C
FUN_800a67d4,0x800A67D4,0x800A67FF,0x2C
FUN_800a6800,0x800A6800,0x800A688B,0x8C
FUN_800a688c,0x800A688C,0x800A68AB,0x20
FUN_800a68ac,0x800A68AC,0x800A68CB,0x20
FUN_800a68cc,0x800A68CC,0x800A68FB,0x30
FUN_800a68fc,0x800A68FC,0x800A6983,0x88
FUN_800a6984,0x800A6984,0x800A6CCF,0x34C
FUN_800a6cd0,0x800A6CD0,0x800A6D37,0x68
FUN_800a6d38,0x800A6D38,0x800A7087,0x350
FUN_800a7088,0x800A7088,0x800A7093,0xC
FUN_800a7098,0x800A7098,0x800A70F3,0x5C
FUN_800a70f4,0x800A70F4,0x800A712F,0x3C
FUN_800a7130,0x800A7130,0x800A716B,0x3C
FUN_800a71cc,0x800A71CC,0x800A729B,0xD0
FUN_800a729c,0x800A729C,0x800A72BB,0x20
FUN_800a72bc,0x800A72BC,0x800A72DB,0x20
FUN_800a72dc,0x800A72DC,0x800A72FB,0x20
FUN_800a72fc,0x800A72FC,0x800A731B,0x20
FUN_800a731c,0x800A731C,0x800A7357,0x3C
FUN_800a7358,0x800A7358,0x800A745F,0x108
FUN_800a7460,0x800A7460,0x800A767B,0x21C
FUN_800a767c,0x800A767C,0x800A76CF,0x54
FUN_800a76d0,0x800A76D0,0x800A76FF,0x30
FUN_800a7738,0x800A7738,0x800A776F,0x38
FUN_800a77cc,0x800A77CC,0x800A786B,0xA0
FUN_800a786c,0x800A786C,0x800A78A3,0x38
FUN_800a78a4,0x800A78A4,0x800A79FF,0x15C
FUN_800a7a00,0x800A7A00,0x800A7EF3,0x4F4
FUN_800a7ef4,0x800A7EF4,0x800A80AB,0x1B8
FUN_800a80ac,0x800A80AC,0x800A81E7,0x13C
FUN_800a81e8,0x800A81E8,0x800A83BF,0x1D8
FUN_800a83c0,0x800A83C0,0x800A8483,0xC4
FUN_800a8484,0x800A8484,0x800A8553,0xD0
FUN_800a8554,0x800A8554,0x800A859B,0x48
FUN_800a859c,0x800A859C,0x800A85EF,0x54
FUN_800a85f0,0x800A85F0,0x800A87B3,0x1C4
FUN_800a87b4,0x800A87B4,0x800A87D3,0x20
FUN_800a87e4,0x800A87E4,0x800A87FB,0x18
FUN_800a87fc,0x800A87FC,0x800A8823,0x28
FUN_800a8834,0x800A8834,0x800A8877,0x44
FUN_800a8878,0x800A8878,0x800A88D3,0x5C
FUN_800a88d4,0x800A88D4,0x800A88DB,0x8
FUN_800a88dc,0x800A88DC,0x800A897F,0xA4
FUN_800a8980,0x800A8980,0x800A8A07,0x88
FUN_800a8a08,0x800A8A08,0x800A8A7B,0x74
FUN_800a8a7c,0x800A8A7C,0x800A8CFB,0x280
FUN_800a8cfc,0x800A8CFC,0x800A8D33,0x38
FUN_800a8d34,0x800A8D34,0x800A8DF3,0xC0
FUN_800a8df4,0x800A8DF4,0x800A8F7F,0x18C
FUN_800a8f80,0x800A8F80,0x800A902F,0xB0
FUN_800a9030,0x800A9030,0x800A90AB,0x7C
FUN_800a90ac,0x800A90AC,0x800A9233,0x188
FUN_800a9248,0x800A9248,0x800A93CB,0x184
FUN_800a93cc,0x800A93CC,0x800A93EB,0x20
FUN_800a93ec,0x800A93EC,0x800A956F,0x184
FUN_800a9570,0x800A9570,0x800A958F,0x20
FUN_800a959c,0x800A959C,0x800A95BF,0x24
FUN_800a95c0,0x800A95C0,0x800A95E7,0x28
FUN_800a95e8,0x800A95E8,0x800A961F,0x38
FUN_800a9620,0x800A9620,0x800A966F,0x50
FUN_800a9670,0x800A9670,0x800A968F,0x20
FUN_800a9708,0x800A9708,0x800A989F,0x198
FUN_800a98a0,0x800A98A0,0x800A98DB,0x3C
FUN_800a98dc,0x800A98DC,0x800A993F,0x64
FUN_800a99d4,0x800A99D4,0x800A9A8B,0xB8
FUN_800a9c44,0x800A9C44,0x800A9CBF,0x7C
FUN_800a9cc0,0x800A9CC0,0x800A9DFF,0x140
FUN_800a9e00,0x800A9E00,0x800A9E37,0x38
FUN_800a9e38,0x800A9E38,0x800A9F1B,0xE4
FUN_800a9f1c,0x800A9F1C,0x800A9FE3,0xC8
FUN_800a9fe4,0x800A9FE4,0x800AA04B,0x68
FUN_800aa04c,0x800AA04C,0x800AA06B,0x20
FUN_800aa06c,0x800AA06C,0x800AA093,0x28
FUN_800aa0bc,0x800AA0BC,0x800AA167,0xAC
FUN_800aa168,0x800AA168,0x800AA467,0x300
FUN_800aa468,0x800AA468,0x800AA787,0x320
FUN_800aa788,0x800AA788,0x800AA7B3,0x2C
FUN_800aa7b4,0x800AA7B4,0x800AA813,0x60
FUN_800aa814,0x800AA814,0x800AA94F,0x13C
FUN_800aa950,0x800AA950,0x800AA9A3,0x54
FUN_800aa9a4,0x800AA9A4,0x800AAB9F,0x1FC
FUN_800aaba0,0x800AABA0,0x800AABBF,0x20
FUN_800aabc0,0x800AABC0,0x800AADFB,0x23C
FUN_800aadfc,0x800AADFC,0x800AAE7B,0x80
FUN_800aae7c,0x800AAE7C,0x800AAF9F,0x124
FUN_800aafa0,0x800AAFA0,0x800AB0B7,0x118
FUN_800ab0b8,0x800AB0B8,0x800AB1E3,0x12C
FUN_800ab1e4,0x800AB1E4,0x800AB223,0x40
FUN_800ab224,0x800AB224,0x800AB2C7,0xA4
FUN_800ab2c8,0x800AB2C8,0x800AB387,0xC0
FUN_800ab388,0x800AB388,0x800AB3AF,0x28
FUN_800ab3b0,0x800AB3B0,0x800AB447,0x98
FUN_800ab448,0x800AB448,0x800AB49F,0x58
FUN_800ab544,0x800AB544,0x800ABA27,0x4E4
FUN_800aba28,0x800ABA28,0x800ABB4B,0x124
FUN_800abb5c,0x800ABB5C,0x800ABBAB,0x50
FUN_800abbac,0x800ABBAC,0x800ABF1F,0x374
FUN_800abf20,0x800ABF20,0x800ABF3F,0x20
FUN_800abf40,0x800ABF40,0x800ABFBB,0x7C
FUN_800abfbc,0x800ABFBC,0x800AC07F,0xC4
FUN_800ac080,0x800AC080,0x800AC153,0xD4
FUN_800ac154,0x800AC154,0x800AC2C7,0x174
FUN_800ac2c8,0x800AC2C8,0x800AC31B,0x54
FUN_800ac31c,0x800AC31C,0x800AC813,0x4F8
FUN_800ac814,0x800AC814,0x800AC89B,0x88
FUN_800ac89c,0x800AC89C,0x800AC953,0xB8
FUN_800ac954,0x800AC954,0x800AC98B,0x38
FUN_800ac98c,0x800AC98C,0x800ACA07,0x7C
FUN_800aca08,0x800ACA08,0x800ACAC7,0xC0
FUN_800acac8,0x800ACAC8,0x800ACAFF,0x38
FUN_800acb00,0x800ACB00,0x800ACB0B,0xC
FUN_800acb0c,0x800ACB0C,0x800ACB83,0x78
FUN_800acb84,0x800ACB84,0x800AD09F,0x51C
FUN_800ad0a0,0x800AD0A0,0x800AD347,0x2A8
FUN_800ad348,0x800AD348,0x800AD35F,0x18
FUN_800ad360,0x800AD360,0x800AD40F,0xB0
FUN_800ad410,0x800AD410,0x800AD53B,0x12C
FUN_800ad53c,0x800AD53C,0x800AD687,0x14C
FUN_800ad688,0x800AD688,0x800AD6BF,0x38
FUN_800ad780,0x800AD780,0x800AD893,0x114
FUN_800ad894,0x800AD894,0x800AD907,0x74
FUN_800ad908,0x800AD908,0x800AD9FB,0xF4
FUN_800ad9fc,0x800AD9FC,0x800ADA83,0x88
FUN_800ada84,0x800ADA84,0x800ADABB,0x38
FUN_800adabc,0x800ADABC,0x800ADB47,0x8C
FUN_800adb48,0x800ADB48,0x800ADB9B,0x54
FUN_800adb9c,0x800ADB9C,0x800ADBC3,0x28
FUN_800adbc4,0x800ADBC4,0x800ADBF7,0x34
FUN_800adbf8,0x800ADBF8,0x800ADC5F,0x68
FUN_800adc60,0x800ADC60,0x800ADCE3,0x84
FUN_800adce4,0x800ADCE4,0x800ADD97,0xB4
FUN_800add98,0x800ADD98,0x800ADE7B,0xE4
FUN_800ade7c,0x800ADE7C,0x800ADF97,0x11C
FUN_800adf98,0x800ADF98,0x800AE1A3,0x20C
FUN_800ae1a4,0x800AE1A4,0x800AE1EB,0x48
FUN_800ae1ec,0x800AE1EC,0x800AE39B,0x1B0
FUN_800ae39c,0x800AE39C,0x800AE54B,0x1B0
FUN_800ae54c,0x800AE54C,0x800AE6DB,0x190
FUN_800ae6dc,0x800AE6DC,0x800AE6FB,0x20
FUN_800ae6fc,0x800AE6FC,0x800AE71B,0x20
FUN_800ae71c,0x800AE71C,0x800AE74B,0x30
FUN_800ae74c,0x800AE74C,0x800AE8C7,0x17C
FUN_800ae8c8,0x800AE8C8,0x800AEB6F,0x2A8
FUN_800aeb70,0x800AEB70,0x800AEBFF,0x90
FUN_800aec00,0x800AEC00,0x800AEDDF,0x1E0
FUN_800aede0,0x800AEDE0,0x800AEFFB,0x21C
FUN_800aeffc,0x800AEFFC,0x800AF437,0x43C
FUN_800af438,0x800AF438,0x800AF4F7,0xC0
FUN_800af4f8,0x800AF4F8,0x800AF703,0x20C
FUN_800af704,0x800AF704,0x800AF98B,0x288
FUN_800af98c,0x800AF98C,0x800AFBD7,0x24C
FUN_800afbd8,0x800AFBD8,0x800AFD47,0x170
FUN_800afd48,0x800AFD48,0x800AFF43,0x1FC
FUN_800aff44,0x800AFF44,0x800B00DB,0x198
FUN_800b00dc,0x800B00DC,0x800B02AB,0x1D0
FUN_800b02ac,0x800B02AC,0x800B03AF,0x104
FUN_800b03b0,0x800B03B0,0x800B11A3,0xDF4
FUN_800b11a4,0x800B11A4,0x800B12FB,0x158
FUN_800b12fc,0x800B12FC,0x800B15E7,0x2EC
FUN_800b15e8,0x800B15E8,0x800B19BB,0x3D4
FUN_800b19bc,0x800B19BC,0x800B1C9F,0x2E4
FUN_800b1ca0,0x800B1CA0,0x800B1E13,0x174
FUN_800b1e14,0x800B1E14,0x800B1EFB,0xE8
FUN_800b1efc,0x800B1EFC,0x800B1F2F,0x34
